Sample_type	Sample_common_name	Station	Sampling_date	Coordinates	Location	Station_ID	Depth_m	Temperature_C	Salinity_ppt	Water_mass	Microbiome_cluster	Microbiome_core	Labels	Pseudoaltero_Status
20680	Water	6Z Marine water S35-3.1	S35-3.1	18.09.2023	79.4108 N, 73.0497 E	Kara Sea	S35	50	-0.6	34.6	CDW+BSBW	CDW+BSBW-like	CDW+BSBW core	S35-50m	Low
20681	Water	6Z Marine water S35-3.2	S35-3.2	18.09.2023	79.4108 N, 73.0497 E	Kara Sea	S35	50	-0.6	34.6	CDW+BSBW	CDW+BSBW-like	CDW+BSBW core	S35-50m	Low
20682	Water	6Z Marine water S35-3.3	S35-3.3	18.09.2023	79.4108 N, 73.0497 E	Kara Sea	S35	50	-0.6	34.6	CDW+BSBW	CDW+BSBW-like	CDW+BSBW core	S35-50m	Low
20683	Water	6Z Marine water S35-3.4	S35-3.4	18.09.2023	79.4108 N, 73.0497 E	Kara Sea	S35	50	-0.6	34.6	CDW+BSBW	CDW+BSBW-like	CDW+BSBW core	S35-50m	Low
20728	Water	6Z Marine water S42-3.1	S42-3.1	19.09.2023	78.322 N, 71.3239 E	Kara Sea	S42	50	-0.4	34.6	CDW+BSBW	CDW+BSBW-like	CDW+BSBW core	S42-50m	Low
20729	Water	6Z Marine water S42-3.2	S42-3.2	19.09.2023	78.322 N, 71.3239 E	Kara Sea	S42	50	-0.4	34.6	CDW+BSBW	CDW+BSBW-like	CDW+BSBW core	S42-50m	Low
20730	Water	6Z Marine water S42-3.3	S42-3.3	19.09.2023	78.322 N, 71.3239 E	Kara Sea	S42	50	-0.4	34.6	CDW+BSBW	CDW+BSBW-like	CDW+BSBW core	S42-50m	Low
20731	Water	6Z Marine water S42-3.4	S42-3.4	19.09.2023	78.322 N, 71.3239 E	Kara Sea	S42	50	-0.4	34.6	CDW+BSBW	CDW+BSBW-like	CDW+BSBW core	S42-50m	Low
20732	Water	6Z Marine water S42-4.1	S42-4.1	19.09.2023	78.322 N, 71.3239 E	Kara Sea	S42	0	4.5999999999999996	33.1	KC	KC-like	KC core	S42-0m	Low
20733	Water	6Z Marine water S42-4.2	S42-4.2	19.09.2023	78.322 N, 71.3239 E	Kara Sea	S42	0	4.5999999999999996	33.1	KC	KC-like	KC core	S42-0m	Low
20734	Water	6Z Marine water S42-4.3	S42-4.3	19.09.2023	78.322 N, 71.3239 E	Kara Sea	S42	0	4.5999999999999996	33.1	KC	KC-like	KC core	S42-0m	Low
20735	Water	6Z Marine water S42-4.4	S42-4.4	19.09.2023	78.322 N, 71.3239 E	Kara Sea	S42	0	4.5999999999999996	33.1	KC	KC-like	KC core	S42-0m	Low
20837	Water	6Z Marine water S69-3.2	S69-3.2	24.09.2023	77.7572 N, 68.1845 E	Kara Sea	S69	50	2.6	34.299999999999997	KC	KC-like	KC core	S69-50m	Low
20838	Water	6Z Marine water S69-3.3	S69-3.3	24.09.2023	77.7572 N, 68.1845 E	Kara Sea	S69	50	2.6	34.299999999999997	KC	KC-like	KC core	S69-50m	Low
20840	Water	6Z Marine water S69-4.1	S69-4.1	24.09.2023	77.7572 N, 68.1845 E	Kara Sea	S69	0	3.8	33.799999999999997	KC	KC-like	KC core	S69-0m	Low
20841	Water	6Z Marine water S69-4.2	S69-4.2	24.09.2023	77.7572 N, 68.1845 E	Kara Sea	S69	0	3.8	33.799999999999997	KC	KC-like	KC core	S69-0m	Low
20842	Water	6Z Marine water S69-4.4	S69-4.4	24.09.2023	77.7572 N, 68.1845 E	Kara Sea	S69	0	3.8	33.799999999999997	KC	KC-like	KC core	S69-0m	Low
20843	Water	6Z Marine water S35-4.1	S35-4.1	18.09.2023	79.4108 N, 73.0497 E	Kara Sea	S35	0	2	34	KC	KC-like	KC core	S35-0m	Low
20844	Water	6Z Marine water S35-4.2	S35-4.2	18.09.2023	79.4108 N, 73.0497 E	Kara Sea	S35	0	2	34	KC	KC-like	KC core	S35-0m	Low
20845	Water	6Z Marine water S35-4.3	S35-4.3	18.09.2023	79.4108 N, 73.0497 E	Kara Sea	S35	0	2	34	KC	KC-like	KC core	S35-0m	Low
20846	Water	6Z Marine water S35-4.4	S35-4.4	18.09.2023	79.4108 N, 73.0497 E	Kara Sea	S35	0	2	34	KC	KC-like	KC core	S35-0m	Low
20851	Water	6Z Marine water S3-2.1	S3-2.1	14.09.2023	76.4611 N, 59.8024 E	Barents Sea	S3	30	2.7	34.8	BSBW	BSBW-like	BSBW core	S3-30m	Low
20852	Water	6Z Marine water S3-2.2	S3-2.2	14.09.2023	76.4611 N, 59.8024 E	Barents Sea	S3	30	2.7	34.8	BSBW	BSBW-like	BSBW core	S3-30m	Low
20853	Water	6Z Marine water S3-2.3	S3-2.3	14.09.2023	76.4611 N, 59.8024 E	Barents Sea	S3	30	2.7	34.8	BSBW	BSBW-like	BSBW core	S3-30m	Low
20854	Water	6Z Marine water S3-2.4	S3-2.4	14.09.2023	76.4611 N, 59.8024 E	Barents Sea	S3	30	2.7	34.8	BSBW	BSBW-like	BSBW core	S3-30m	Low
20855	Water	6Z Marine water S3-4.1	S3-4.1	14.09.2023	76.4611 N, 59.8024 E	Barents Sea	S3	0	5.2	33.56	BSBW	BSBW-like	BSBW core	S3-0m	Low
20856	Water	6Z Marine water S3-4.2	S3-4.2	14.09.2023	76.4611 N, 59.8024 E	Barents Sea	S3	0	5.2	33.56	BSBW	BSBW-like	BSBW core	S3-0m	Low
20857	Water	6Z Marine water S3-4.3	S3-4.3	14.09.2023	76.4611 N, 59.8024 E	Barents Sea	S3	0	5.2	33.56	BSBW	BSBW-like	BSBW core	S3-0m	Low
20858	Water	6Z Marine water S3-4.4	S3-4.4	14.09.2023	76.4611 N, 59.8024 E	Barents Sea	S3	0	5.2	33.56	BSBW	BSBW-like	BSBW core	S3-0m	Low
20859	Water	6Z Marine water S10-1.1	S10-1.1	15.09.2023	77.8343 N, 59.7192 E	Barents Sea	S10	0	3.6	33.1	KC	KC-like	KC core	S10-0m	Low
20860	Water	6Z Marine water S10-1.2	S10-1.2	15.09.2023	77.8343 N, 59.7192 E	Barents Sea	S10	0	3.6	33.1	KC	KC-like	KC core	S10-0m	Low
20861	Water	6Z Marine water S10-1.3	S10-1.3	15.09.2023	77.8343 N, 59.7192 E	Barents Sea	S10	0	3.6	33.1	KC	KC-like	KC core	S10-0m	Low
20862	Water	6Z Marine water S10-1.4	S10-1.4	15.09.2023	77.8343 N, 59.7192 E	Barents Sea	S10	0	3.6	33.1	KC	KC-like	KC core	S10-0m	Low
20863	Water	6Z Marine water S10-2.1	S10-2.1	15.09.2023	77.8343 N, 59.7192 E	Barents Sea	S10	50	-1.8	34.6	CDW	CDW-like	CDW core	S10-50m	Low
20864	Water	6Z Marine water S10-2.2	S10-2.2	15.09.2023	77.8343 N, 59.7192 E	Barents Sea	S10	50	-1.8	34.6	CDW	CDW-like	CDW core	S10-50m	Low
20865	Water	6Z Marine water S10-2.3	S10-2.3	15.09.2023	77.8343 N, 59.7192 E	Barents Sea	S10	50	-1.8	34.6	CDW	CDW-like	CDW core	S10-50m	Low
20866	Water	6Z Marine water S10-2.4	S10-2.4	15.09.2023	77.8343 N, 59.7192 E	Barents Sea	S10	50	-1.8	34.6	CDW	CDW-like	CDW core	S10-50m	Low
20887	Water	6Z Marine water S31-3.1	S31-3.1	17.09.2023	79.6702 N, 70.689 E	Kara Sea	S31	50	-1.7	34.200000000000003	CDW	CDW-like	CDW core	S31-50m	Low
20888	Water	6Z Marine water S31-3.2	S31-3.2	17.09.2023	79.6702 N, 70.689 E	Kara Sea	S31	50	-1.7	34.200000000000003	CDW	CDW-like	CDW core	S31-50m	Low
20889	Water	6Z Marine water S31-3.3	S31-3.3	17.09.2023	79.6702 N, 70.689 E	Kara Sea	S31	50	-1.7	34.200000000000003	CDW	CDW-like	CDW core	S31-50m	Low
20890	Water	6Z Marine water S31-3.4	S31-3.4	17.09.2023	79.6702 N, 70.689 E	Kara Sea	S31	50	-1.7	34.200000000000003	CDW	CDW-like	CDW core	S31-50m	Low
20891	Water	6Z Marine water S31-4.1	S31-4.1	17.09.2023	79.6702 N, 70.689 E	Kara Sea	S31	0	-0.8	32	MW	MW-like	MW core	S31-0m	Low
20892	Water	6Z Marine water S31-4.2	S31-4.2	17.09.2023	79.6702 N, 70.689 E	Kara Sea	S31	0	-0.8	32	MW	MW-like	MW core	S31-0m	Low
20893	Water	6Z Marine water S31-4.3	S31-4.3	17.09.2023	79.6702 N, 70.689 E	Kara Sea	S31	0	-0.8	32	MW	MW-like	MW core	S31-0m	Low
20894	Water	6Z Marine water S31-4.4	S31-4.4	17.09.2023	79.6702 N, 70.689 E	Kara Sea	S31	0	-0.8	32	MW	MW-like	MW core	S31-0m	Low
20951	Water	6Z Marine water S25-3.1	S25-3.1	16.09.2023	79.702 N, 66.0733 E	Barents Sea	S25	50	-1.4	33.799999999999997	CDW	CDW-like	CDW core	S25-50m	Low
20952	Water	6Z Marine water S25-3.2	S25-3.2	16.09.2023	79.702 N, 66.0733 E	Barents Sea	S25	50	-1.4	33.799999999999997	CDW	CDW-like	CDW core	S25-50m	Low
20953	Water	6Z Marine water S25-3.3	S25-3.3	16.09.2023	79.702 N, 66.0733 E	Barents Sea	S25	50	-1.4	33.799999999999997	CDW	CDW-like	CDW core	S25-50m	Low
20954	Water	6Z Marine water S25-3.4	S25-3.4	16.09.2023	79.702 N, 66.0733 E	Barents Sea	S25	50	-1.4	33.799999999999997	CDW	CDW-like	CDW core	S25-50m	Low
20955	Water	6Z Marine water S25-4.1	S25-4.1	16.09.2023	79.702 N, 66.0733 E	Barents Sea	S25	0	-0.5	33.1	MW	MW-like	MW core	S25-0m	Low
20956	Water	6Z Marine water S25-4.2	S25-4.2	16.09.2023	79.702 N, 66.0733 E	Barents Sea	S25	0	-0.5	33.1	MW	MW-like	MW core	S25-0m	Low
20957	Water	6Z Marine water S25-4.3	S25-4.3	16.09.2023	79.702 N, 66.0733 E	Barents Sea	S25	0	-0.5	33.1	MW	MW-like	MW core	S25-0m	Low
20958	Water	6Z Marine water S25-4.4	S25-4.4	16.09.2023	79.702 N, 66.0733 E	Barents Sea	S25	0	-0.5	33.1	MW	MW-like	MW core	S25-0m	Low
20972	Water	6Z Marine water S54-3.2	S54-3.2	22.09.2023	78.7583 N, 70.8801 E	Kara Sea	S54	50	-0.4	34.6	CDW+BSBW	CDW+BSBW-like	CDW+BSBW core	S54-50m	Low
20979	Water	6Z Marine water S63-3.1	S63-3.1	23.09.2023	79.3418 N, 64.3371 E	Kara Sea	S63	50	-1.5	34.299999999999997	CDW	CDW-like	CDW core	S63-50m	Low
20980	Water	6Z Marine water S63-3.2	S63-3.2	23.09.2023	79.3418 N, 64.3371 E	Kara Sea	S63	50	-1.5	34.299999999999997	CDW	CDW-like	CDW core	S63-50m	Low
20981	Water	6Z Marine water S63-3.3	S63-3.3	23.09.2023	79.3418 N, 64.3371 E	Kara Sea	S63	50	-1.5	34.299999999999997	CDW	CDW-like	CDW core	S63-50m	Low
20982	Water	6Z Marine water S63-3.4	S63-3.4	23.09.2023	79.3418 N, 64.3371 E	Kara Sea	S63	50	-1.5	34.299999999999997	CDW	CDW-like	CDW core	S63-50m	Low
21020	Water	6Z Marine water S66-3.2	S66-3.2	24.09.2023	78.529 N, 66.3885 E	Kara Sea	S66	50	-0.5	34.5	CDW+BSBW	CDW+BSBW-like	CDW+BSBW core	S66-50m	Low
21022	Water	6Z Marine water S66-3.4	S66-3.4	24.09.2023	78.529 N, 66.3885 E	Kara Sea	S66	50	-0.5	34.5	CDW+BSBW	CDW+BSBW-like	CDW+BSBW core	S66-50m	Low
21079	Water	6Z Marine water S38-3.1	S38-3.1	19.09.2023	78.9853 N, 72.9958 E	Kara Sea	S38	50	-0.9	34.6	CDW+BSBW	CDW+BSBW-like	CDW+BSBW core	S38-50m	Low
21080	Water	6Z Marine water S38-3.2	S38-3.2	19.09.2023	78.9853 N, 72.9958 E	Kara Sea	S38	50	-0.9	34.6	CDW+BSBW	CDW+BSBW-like	CDW+BSBW core	S38-50m	Low
21081	Water	6Z Marine water S38-3.3	S38-3.3	19.09.2023	78.9853 N, 72.9958 E	Kara Sea	S38	50	-0.9	34.6	CDW+BSBW	CDW+BSBW-like	CDW+BSBW core	S38-50m	Low
21082	Water	6Z Marine water S38-3.4	S38-3.4	19.09.2023	78.9853 N, 72.9958 E	Kara Sea	S38	50	-0.9	34.6	CDW+BSBW	CDW+BSBW-like	CDW+BSBW core	S38-50m	Low
21083	Water	6Z Marine water S38-4.1	S38-4.1	19.09.2023	78.9853 N, 72.9958 E	Kara Sea	S38	0	3.8	33.299999999999997	KC	KC-like	KC core	S38-0m	Low
21084	Water	6Z Marine water S38-4.2	S38-4.2	19.09.2023	78.9853 N, 72.9958 E	Kara Sea	S38	0	3.8	33.299999999999997	KC	KC-like	KC core	S38-0m	Low
21085	Water	6Z Marine water S38-4.3	S38-4.3	19.09.2023	78.9853 N, 72.9958 E	Kara Sea	S38	0	3.8	33.299999999999997	KC	KC-like	KC core	S38-0m	Low
21086	Water	6Z Marine water S38-4.4	S38-4.4	19.09.2023	78.9853 N, 72.9958 E	Kara Sea	S38	0	3.8	33.299999999999997	KC	KC-like	KC core	S38-0m	Low
21095	Water	6Z Marine water S30-3.1	S30-3.1	17.09.2023	79.6817 N, 69.1528 E	Kara Sea	S30	50	-1.8	34.299999999999997	CDW	CDW-like	CDW core	S30-50m	Low
21096	Water	6Z Marine water S30-3.2	S30-3.2	17.09.2023	79.6817 N, 69.1528 E	Kara Sea	S30	50	-1.8	34.299999999999997	CDW	CDW-like	CDW core	S30-50m	Low
21097	Water	6Z Marine water S30-3.3	S30-3.3	17.09.2023	79.6817 N, 69.1528 E	Kara Sea	S30	50	-1.8	34.299999999999997	CDW	CDW-like	CDW core	S30-50m	Low
21098	Water	6Z Marine water S30-3.4	S30-3.4	17.09.2023	79.6817 N, 69.1528 E	Kara Sea	S30	50	-1.8	34.299999999999997	CDW	CDW-like	CDW core	S30-50m	Low
21099	Water	6Z Marine water S30-4.1	S30-4.1	17.09.2023	79.6817 N, 69.1528 E	Kara Sea	S30	0	-0.7	32	MW	MW-like	MW core	S30-0m	Low
21100	Water	6Z Marine water S30-4.2	S30-4.2	17.09.2023	79.6817 N, 69.1528 E	Kara Sea	S30	0	-0.7	32	MW	MW-like	MW core	S30-0m	Low
21101	Water	6Z Marine water S30-4.3	S30-4.3	17.09.2023	79.6817 N, 69.1528 E	Kara Sea	S30	0	-0.7	32	MW	MW-like	MW core	S30-0m	Low
21102	Water	6Z Marine water S30-4.4	S30-4.4	17.09.2023	79.6817 N, 69.1528 E	Kara Sea	S30	0	-0.7	32	MW	MW-like	MW core	S30-0m	Low
