20680	20681	20682	20683	20728	20729	20730	20731	20837	20838	20851	20852	20853	20854	20863	20864	20865	20866	20887	20888	20889	20890	20951	20952	20953	20954	20972	20979	20980	20981	20982	21020	21022	21079	21080	21081	21082	21095	21096	21097	21098
OTU_1	7824	5228	4426	5545	12001	6033	8602	8891	8578	7608	11655	10054	5931	7459	5516	4951	4638	5410	7688	9166	7114	5667	9848	10738	9566	9719	9700	14622	14144	13693	17389	10034	6357	8495	5853	9410	9700	8636	8009	7030	7296
OTU_2	11625	12370	12785	13034	6017	11430	9902	7452	9065	10386	564	1159	2232	2081	2315	2264	3699	2480	3098	3071	3849	2465	1077	3117	2668	1985	11069	1070	2111	2346	2579	3596	5979	4359	8209	4892	4869	2098	1506	2080	1804
OTU_3	2557	3406	1874	1815	8473	4654	6216	7187	1514	1559	16720	22434	17601	19653	9299	11699	9508	11049	4803	5246	5179	2798	9877	8013	8072	9185	4622	8815	9149	9966	9756	4525	3228	10029	5230	8984	8699	6189	7335	7128	7012
OTU_4	3641	3388	4583	4151	3811	3548	3623	4258	4762	4893	3328	2599	2365	2430	1241	673	852	765	1354	1363	1399	1610	968	851	1119	1058	2642	1240	1339	1230	1241	2987	2391	2993	3418	3907	3290	1899	1367	802	817
OTU_5	3728	3453	4645	4785	1137	2466	1888	1328	1159	1527	1811	1626	2469	1971	7324	6440	7693	6609	2399	2024	2684	4250	1630	2122	2160	2156	935	1485	1182	1242	1126	1674	2718	866	1161	562	822	2149	1609	2093	1832
OTU_6	2291	2427	2465	2623	1793	2897	2497	1723	2616	2996	877	860	1381	1094	863	800	874	756	1602	1278	1681	1541	2605	2304	2413	2508	2145	2520	2522	2687	2639	1682	1909	2139	2810	1902	2045	1506	1384	1242	1236
OTU_7	1421	1354	1852	2093	738	2075	1401	1209	1697	1873	1547	1277	1922	1602	384	92	185	130	163	81	96	204	260	347	336	354	248	100	132	133	95	923	1549	159	249	169	197	283	106	159	76
OTU_8	5713	5559	7499	7433	2309	5935	4187	3539	2225	2469	755	675	1448	1232	865	841	1519	961	1368	1068	1578	3018	708	1268	1129	1145	4503	1160	1163	1152	1097	2939	5049	2149	4278	1961	2299	1123	725	1020	712
OTU_9	686	953	690	444	514	235	171	1122	2440	740	89	36	35	46	19	15	0	7	1673	531	636	3443	345	30	19	41	2103	343	642	285	249	1160	592	2097	1344	350	924	897	824	749	1031
OTU_10	2985	3091	3886	3956	845	2015	1525	1201	3055	3865	768	520	1216	1041	150	85	180	97	332	271	424	626	120	317	252	182	2331	530	559	502	521	1873	3445	773	1764	1002	957	282	238	334	215
OTU_11	541	596	763	726	504	968	701	603	676	755	425	244	557	407	1704	1250	1858	1383	123	108	87	222	716	989	976	939	218	183	228	195	197	589	641	181	284	147	164	269	62	101	102
OTU_12	877	927	605	534	2196	736	1165	1208	452	330	3037	2519	1620	2153	3232	4192	3826	4422	4298	4736	4062	2993	5156	4283	4274	4073	993	6590	6543	5883	5347	1363	923	2692	1414	2834	2961	5034	6668	6457	6880
OTU_13	2327	2372	1891	2037	1975	2040	2164	1969	1138	1240	1078	906	1226	1126	3347	3641	3371	3269	1998	1792	2150	2479	2150	1849	2152	2224	2543	1430	1471	1510	1378	3012	2390	2696	3228	2876	3247	1729	1764	2341	2097
OTU_14	523	658	495	472	1338	870	1106	1013	2377	2279	970	701	751	730	1206	488	462	382	718	804	646	679	1544	1397	1321	1283	282	1443	1265	1241	1062	598	651	299	187	137	258	1019	938	815	795
OTU_15	1192	1480	1664	1473	466	787	632	459	662	759	1069	1103	1849	1349	105	71	67	35	107	100	71	136	134	165	208	168	738	104	141	163	124	726	1122	490	943	465	680	241	88	87	39
OTU_16	1023	1055	796	765	1042	1375	1553	1359	598	637	693	1138	2328	1794	378	252	373	335	161	168	245	140	117	404	374	302	596	55	51	81	73	1204	1653	194	419	257	224	149	58	110	80
OTU_17	435	611	385	491	970	779	791	997	760	840	2223	1999	2612	2511	3630	3893	3352	3716	914	863	967	912	3740	2728	2915	3183	632	1629	1464	1525	1395	311	303	1109	885	904	732	1090	1051	1285	691
OTU_18	459	556	354	368	1518	1203	1359	1273	1232	1460	4693	5353	5392	4990	1664	1792	1804	1694	124	147	176	110	881	868	908	1066	371	316	406	407	356	452	490	528	451	638	553	364	205	151	168
OTU_19	165	125	144	149	265	258	269	303	1161	1229	0	0	0	0	572	96	85	113	50	18	21	13	380	453	496	354	136	495	506	564	479	150	151	53	54	54	16	168	26	36	18
OTU_20	2382	2041	2761	2840	1719	1528	1392	1542	629	615	2117	1327	1237	1118	320	199	189	177	345	347	306	339	539	459	573	566	1034	597	418	511	477	3759	2687	1896	2175	2203	2375	425	321	192	214
OTU_21	531	621	771	686	516	632	622	316	1564	1707	706	772	1150	862	511	351	272	265	949	715	928	1276	756	1008	973	848	463	959	887	803	656	257	437	333	575	398	326	729	648	939	757
OTU_22	14	0	23	5	10	15	0	18	722	337	0	0	7	7	4	0	0	0	3	0	0	25	0	0	0	0	10	18	13	109	21	707	384	9	22	12	5	8	14	0	4
OTU_23	650	709	563	579	710	251	439	563	1322	1045	198	107	127	99	973	961	854	894	1899	1982	1338	1319	2616	2269	2186	2245	806	3397	3222	2940	2792	682	401	801	620	1174	788	2435	2659	2458	2994
OTU_24	437	487	451	551	564	748	525	552	1198	1489	49	39	21	34	477	59	75	34	178	137	137	139	180	129	190	126	556	413	454	450	460	602	501	310	177	247	299	263	136	62	60
OTU_25	515	486	546	524	335	587	446	429	720	776	386	455	760	587	683	681	693	696	879	762	1035	1475	389	526	516	523	412	438	349	365	382	275	304	327	531	427	383	724	601	792	708
OTU_26	835	700	670	733	598	919	885	636	1418	1530	392	403	623	566	532	351	444	399	704	719	928	1104	546	599	660	661	618	471	494	593	536	493	500	660	982	815	759	774	630	948	796
OTU_27	494	794	327	276	1103	833	1214	1282	696	739	561	707	703	747	413	251	203	267	444	565	589	380	713	576	678	742	1003	553	612	620	528	785	699	1066	905	1433	1132	675	606	541	566
OTU_28	292	411	309	230	393	318	445	420	503	702	43	45	33	53	325	186	230	258	722	679	635	511	655	517	581	717	634	551	456	619	606	308	250	608	531	778	491	919	893	839	942
OTU_29	991	705	492	529	1395	709	1024	1043	239	209	501	343	274	299	1072	1570	1452	1617	1799	2044	1675	1101	681	640	693	633	1066	1410	1342	1265	1249	1718	1005	1615	922	1716	1730	1811	1906	1891	1813
OTU_30	631	526	547	598	786	458	542	617	940	823	488	430	371	311	257	217	213	189	497	514	463	404	263	270	219	227	659	383	324	298	250	674	667	929	685	1004	861	591	609	621	562
OTU_31	417	504	468	495	477	890	792	628	430	526	82	53	152	137	145	88	182	97	16	21	26	23	110	207	162	163	149	51	28	60	67	840	1459	64	137	53	44	32	13	0	23
OTU_32	442	475	896	636	188	367	378	206	272	263	16	19	27	68	103	50	89	62	84	122	148	202	223	279	312	334	295	86	78	84	83	558	1002	117	302	132	99	178	91	65	61
OTU_33	283	397	212	228	536	355	539	555	226	244	0	33	58	40	6388	7281	6370	7050	277	251	219	185	329	287	338	324	665	215	265	288	225	483	671	647	652	729	570	116	140	105	93
OTU_34	549	481	706	601	660	260	422	400	274	324	231	215	172	208	153	131	111	141	422	382	239	260	1846	1601	1659	1549	583	1475	1194	1291	1056	747	522	1203	744	1195	1206	717	703	693	909
OTU_35	375	422	342	458	95	205	171	86	51	63	0	0	8	10	110	110	200	124	154	143	108	225	189	351	379	267	240	299	353	252	276	223	376	21	89	42	26	294	98	161	144
OTU_36	239	341	350	272	227	340	259	186	257	392	168	107	130	191	121	44	88	67	71	54	92	157	182	194	182	192	250	152	160	210	183	375	348	196	202	237	159	119	111	112	123
OTU_37	186	283	231	190	255	77	22	161	459	217	0	0	0	0	7	0	0	0	272	95	162	575	24	11	10	12	1293	148	376	149	94	449	181	688	331	38	127	284	209	278	284
OTU_38	400	435	299	125	331	375	321	1980	2101	1344	0	0	0	0	23	30	16	13	495	194	328	1702	24	7	6	0	181	562	418	382	307	1523	987	1621	2047	691	1385	173	273	133	187
OTU_39	470	665	400	201	316	182	240	323	175	242	693	713	623	646	104	70	60	66	314	340	464	519	1573	1841	1979	2293	1655	115	111	104	99	1730	1508	499	690	801	504	395	198	340	248
OTU_40	239	323	220	343	303	163	193	250	869	798	0	7	7	5	237	134	143	121	266	308	208	236	426	386	376	371	231	555	602	537	568	357	370	228	142	258	246	320	344	408	257
OTU_41	488	373	311	348	650	439	521	493	155	131	1504	987	656	899	621	795	790	894	1357	1635	1099	859	366	307	330	299	721	743	894	687	697	886	668	970	601	939	1137	1229	1250	1157	1244
OTU_42	549	286	308	291	670	509	489	689	401	389	1012	1130	1031	1147	254	215	233	203	309	305	319	203	904	677	792	809	345	502	529	572	623	389	331	923	770	1012	826	200	276	270	262
OTU_43	120	106	82	75	170	299	265	185	319	313	409	477	990	634	361	389	466	423	462	556	615	545	789	886	904	859	152	119	119	137	145	12	38	171	328	240	157	356	380	441	432
OTU_44	794	657	970	1060	367	725	445	324	220	224	406	330	525	346	199	117	97	97	58	55	53	60	200	176	214	208	137	47	45	47	38	346	283	470	753	760	654	67	40	58	32
OTU_45	57	61	47	58	429	352	375	290	468	581	191	174	209	278	131	11	22	7	27	0	10	16	40	23	26	24	60	26	20	39	21	130	124	53	53	59	31	88	19	19	0
OTU_46	144	128	103	158	279	156	197	269	751	637	10	7	4	20	184	37	45	43	156	115	57	72	142	137	104	118	136	290	243	295	224	197	168	163	104	163	151	236	197	257	124
OTU_47	85	26	21	10	209	93	112	197	11	15	132	0	4	4	1174	1554	1441	1540	2752	3892	2743	1239	405	278	281	312	311	557	566	488	460	41	31	832	323	851	651	2273	2922	1981	2385
OTU_48	331	462	282	227	644	464	508	711	233	261	406	440	483	503	253	271	249	237	267	366	260	246	778	693	716	740	384	645	560	603	502	505	400	873	666	964	644	373	365	441	387
OTU_49	1126	1058	837	799	801	900	1076	860	451	636	99	90	160	166	298	239	372	278	186	209	246	430	21	62	87	61	546	475	432	412	372	1914	3144	184	735	424	280	135	77	149	129
OTU_50	417	466	450	371	186	167	118	138	0	0	0	0	6	0	4	0	4	7	19	7	11	12	96	90	92	64	145	9	10	7	4	4057	4432	157	100	210	168	46	8	16	8
OTU_51	128	240	152	170	364	325	378	393	1105	1086	79	144	251	148	152	116	131	120	97	106	116	63	407	639	617	604	139	77	127	106	142	89	160	86	157	58	35	51	43	15	54
OTU_52	251	163	124	144	492	257	375	315	434	352	521	514	293	387	173	64	61	60	60	86	65	42	102	108	126	106	178	177	128	105	105	231	148	214	126	204	254	207	71	50	40
OTU_53	126	71	74	0	320	118	190	249	5	6	36	0	8	0	770	953	880	975	1956	2380	1939	1030	618	495	428	480	653	981	752	923	782	396	187	852	424	742	889	1539	2386	1536	1635
OTU_54	101	112	168	113	172	258	238	105	533	467	594	666	886	802	21	8	14	6	21	14	10	21	9	7	0	10	91	11	20	37	22	113	150	40	41	37	49	16	20	17	5
OTU_55	476	399	193	163	311	169	229	305	89	81	66	83	74	72	83	50	67	71	212	228	185	105	0	18	21	16	358	194	138	144	201	1011	731	123	47	137	73	506	159	225	224
OTU_56	336	398	251	194	199	282	280	181	94	141	303	314	416	381	410	419	379	404	1183	1456	1879	1416	545	524	493	590	486	489	519	552	555	130	249	536	875	539	584	1097	1260	1455	1203
OTU_57	264	366	170	214	298	249	206	213	88	113	119	116	103	102	253	287	277	318	870	615	723	735	934	732	747	733	317	1035	809	879	679	252	211	397	154	445	312	865	986	1004	1103
OTU_58	116	78	91	50	82	92	66	73	30	24	165	179	236	271	1696	1561	1515	1394	1553	1232	1313	1317	945	824	773	876	204	643	595	578	572	34	20	307	257	329	288	1070	1258	1306	806
OTU_59	298	195	307	226	135	73	105	65	116	94	63	114	79	114	62	95	111	96	438	320	292	272	1022	1048	1109	947	264	290	343	352	367	148	155	542	264	427	340	572	597	371	410
OTU_60	194	188	138	107	110	107	59	68	10	29	76	33	112	57	109	158	211	147	2182	2069	2838	4314	187	505	447	300	476	407	440	573	507	17	40	149	507	323	419	1193	1024	1447	1520
OTU_61	81	122	95	135	172	250	205	168	508	648	0	11	0	8	77	0	34	13	136	98	220	210	63	94	77	90	93	91	114	86	95	24	76	36	2	115	30	90	79	79	98
OTU_62	0	0	6	5	18	5	6	11	735	294	0	0	0	0	2	0	0	0	12	0	5	0	0	0	0	0	137	29	56	92	37	237	128	107	16	15	17	4	0	0	4
OTU_63	386	297	382	411	673	595	643	608	512	444	587	526	486	463	71	36	35	26	50	56	58	53	177	145	121	128	356	157	210	174	162	427	383	598	575	621	617	135	101	136	178
OTU_64	541	657	451	503	253	289	335	212	427	393	290	404	570	556	376	394	358	405	323	397	358	418	425	686	685	548	416	183	138	209	206	88	128	254	546	409	313	270	277	371	252
OTU_65	69	58	22	51	24	27	36	15	258	253	0	16	0	8	107	81	49	54	201	116	167	257	33	36	55	45	53	40	41	35	28	0	32	12	29	0	20	114	120	233	112
OTU_66	223	74	91	99	175	347	218	195	17	25	0	0	14	0	5	4	0	0	0	6	10	0	0	0	0	0	61	11	0	0	0	116	109	969	1846	1025	1295	4	0	5	0
OTU_67	120	239	137	55	158	77	78	157	107	181	1276	1413	1437	1364	33	12	0	17	59	42	48	98	0	0	9	0	437	42	100	56	41	419	413	113	127	104	65	243	24	69	67
OTU_68	36	40	51	15	38	38	25	93	532	281	0	0	3	0	0	0	0	5	130	19	27	269	0	0	3	1	291	9	71	33	26	112	360	236	333	82	202	15	11	32	20
OTU_69	358	499	368	373	215	162	123	133	78	90	135	173	186	114	237	277	259	288	337	279	262	333	573	456	593	531	545	338	304	315	309	220	172	468	462	529	512	295	401	260	342
OTU_70	287	589	473	384	138	219	186	162	122	116	119	85	170	95	112	86	105	95	330	334	529	559	229	293	289	221	540	243	230	271	268	144	297	252	346	305	403	246	324	377	418
OTU_71	26	17	7	6	0	7	16	35	0	7	455	184	260	227	73	200	158	285	97	127	182	179	10	39	72	31	283	332	360	374	365	151	137	11	9	6	27	601	287	601	478
OTU_72	447	475	413	394	187	407	199	241	48	46	0	33	23	38	126	111	139	154	44	42	32	67	0	17	18	21	351	57	47	60	80	237	407	136	241	98	163	43	30	11	46
OTU_73	193	181	280	298	82	194	193	145	108	115	228	227	382	300	216	229	312	192	39	66	49	48	152	300	311	267	140	148	173	141	202	68	109	118	227	124	159	27	36	39	25
OTU_74	6	43	28	80	46	120	85	34	38	35	0	0	0	0	180	218	400	199	8	0	37	0	46	137	113	108	9	26	32	30	35	39	72	12	0	0	9	4	0	0	0
OTU_75	71	37	49	72	104	126	103	125	162	153	69	60	56	62	19	0	0	3	32	18	31	15	54	41	75	51	134	66	68	54	55	89	85	70	87	95	71	110	7	11	5
OTU_76	118	161	88	80	389	220	301	359	189	206	102	112	117	114	89	87	54	55	269	250	282	96	508	459	389	421	326	373	401	426	417	162	134	379	170	391	335	231	267	227	267
OTU_77	99	57	73	140	393	131	195	223	105	92	76	86	68	101	137	36	22	12	40	26	21	14	24	28	16	27	31	79	112	103	85	83	48	36	147	37	38	143	72	98	68
OTU_78	31	5	27	0	162	207	119	185	184	51	0	0	0	0	0	0	0	0	119	138	69	264	0	0	0	0	41	82	34	77	41	446	50	155	306	82	108	94	44	11	78
OTU_79	0	0	0	0	0	0	0	0	0	0	0	5	0	0	79	13	0	0	35	0	9	0	0	0	0	0	4	5	0	2	0	0	0	0	0	0	0	475	19	43	31
OTU_80	244	172	176	200	222	277	252	225	90	171	106	66	114	99	99	81	98	101	266	228	233	248	340	332	357	335	253	332	256	314	292	214	283	364	194	398	318	324	323	269	413
OTU_81	140	132	86	141	323	212	289	341	221	304	53	78	66	26	69	53	79	52	264	294	313	142	276	221	226	272	329	278	228	274	300	184	168	155	129	273	139	312	326	266	281
OTU_82	34	41	0	15	22	75	32	864	205	64	0	0	0	1	4	7	7	5	128	41	78	214	27	0	0	0	63	9	7	11	15	41	138	83	12	24	77	43	0	8	30
OTU_83	125	78	146	109	52	130	127	47	60	61	0	0	11	19	9	9	8	9	15	15	19	25	260	317	316	277	72	69	34	98	55	79	59	39	78	48	8	14	17	22	17
OTU_84	141	89	104	62	97	126	88	54	201	169	10	5	0	0	85	114	84	92	141	154	158	140	137	149	162	122	248	126	203	220	197	88	165	122	215	198	121	50	93	245	81
OTU_85	111	79	68	24	50	36	24	18	5	8	0	8	10	0	1178	1350	1309	1222	439	376	367	476	47	62	49	49	45	166	114	143	129	81	72	139	71	90	95	867	1002	1450	880
OTU_86	65	110	102	64	103	23	70	93	95	88	0	0	9	10	141	118	109	106	172	170	191	151	403	385	352	333	77	515	563	475	345	72	57	42	47	128	82	176	204	217	238
OTU_87	305	351	377	262	99	153	156	102	130	188	99	60	64	37	41	15	16	28	0	0	0	0	0	19	21	25	0	0	0	17	18	109	149	96	69	90	181	0	0	0	0
OTU_88	13	0	0	0	0	0	3	0	0	0	0	5	9	0	1573	1587	1520	1451	96	71	45	90	1087	1292	1334	1377	12	33	42	34	30	0	3	22	19	7	38	51	62	79	59
OTU_89	0	0	0	8	12	12	6	0	155	61	0	14	0	0	0	0	0	3	0	0	0	0	0	0	0	0	22	9	0	19	6	186	48	5	0	0	8	4	8	0	0
OTU_90	284	353	299	220	167	183	233	203	86	57	16	13	23	27	122	121	217	129	16	29	14	34	4	5	6	11	441	0	0	0	0	80	151	138	163	138	112	6	4	27	23
OTU_91	12	60	5	42	68	94	111	64	125	151	66	33	45	46	17	0	0	0	4	5	0	0	10	10	25	6	13	11	0	10	0	10	11	32	0	17	17	12	0	36	0
OTU_92	0	0	0	7	0	0	16	0	38	23	0	0	0	0	0	0	0	0	0	0	0	0	0	0	0	0	48	0	0	15	11	38	36	7	11	0	0	0	0	0	0
OTU_93	43	89	0	36	136	118	108	86	100	166	46	35	37	9	34	11	6	5	20	0	15	0	67	58	95	36	37	93	68	85	25	85	52	45	0	34	27	50	21	24	5
OTU_94	29	54	30	32	141	831	286	588	61	39	0	0	0	0	0	0	0	0	12	6	0	178	0	0	0	4	39	7	44	20	16	94	20	230	427	151	268	4	7	0	0
OTU_95	101	55	49	58	53	7	46	28	75	84	7	9	10	0	50	70	91	104	246	293	201	87	346	303	267	294	91	325	393	363	342	56	20	42	62	82	92	363	487	252	595
OTU_96	9	59	6	0	8	0	8	9	0	22	877	469	606	1100	38	31	29	62	34	17	7	3	17	26	9	7	6	37	7	10	20	16	18	5	0	0	11	145	0	16	32
OTU_97	32	7	39	6	0	12	7	31	7	11	449	314	664	471	68	14	66	33	336	37	60	419	147	27	8	4	12	0	0	0	0	0	14	162	105	20	41	28	36	17	14
OTU_98	78	49	94	46	70	76	82	105	31	45	53	67	33	38	135	170	153	165	312	301	365	274	293	349	334	414	105	179	195	205	210	81	63	125	145	222	155	276	464	340	480
OTU_99	89	44	60	62	72	14	49	27	13	14	0	8	4	9	94	129	110	198	380	430	295	376	214	241	237	218	89	451	549	415	273	77	46	112	19	131	109	361	376	352	509
OTU_100	22	43	11	0	6	15	15	14	31	25	0	0	0	0	28	0	0	0	0	0	0	0	7	4	0	0	0	0	0	0	13	0	0	4	0	4	0	0	0	0	0
OTU_101	45	40	6	4	72	67	134	87	199	235	13	46	40	46	35	3	0	0	14	10	10	20	23	21	17	6	15	18	0	21	15	22	22	24	0	17	39	23	25	17	33
OTU_102	177	135	188	174	111	198	177	123	53	61	0	13	30	15	303	260	431	252	29	31	41	99	114	236	246	217	39	75	80	80	118	107	207	19	10	29	71	13	8	48	0
OTU_103	18	46	23	30	81	51	58	73	92	112	23	33	12	25	101	13	11	11	27	20	19	6	21	52	39	50	18	29	20	22	27	68	31	2	8	31	42	36	23	0	16
OTU_104	54	44	50	38	72	58	48	71	67	42	224	189	217	208	9	0	0	0	4	0	5	0	0	7	12	9	55	33	0	0	12	50	53	73	60	42	77	52	26	0	21
OTU_105	73	18	52	62	43	84	111	55	6	17	0	0	0	0	54	53	60	36	13	0	1	6	9	8	6	0	50	15	28	22	28	111	119	103	92	97	167	18	0	5	0
OTU_106	71	58	89	93	88	140	134	117	36	53	0	6	11	16	70	94	168	83	167	219	335	163	37	200	132	122	110	69	99	145	168	60	80	61	235	70	71	147	125	83	180
OTU_107	19	36	20	27	50	30	39	37	56	32	237	338	225	273	371	468	408	398	47	80	61	21	126	97	118	107	51	20	0	21	13	13	13	54	8	45	43	35	47	31	50
OTU_108	7	29	0	0	44	31	28	33	11	6	0	6	9	5	67	74	80	79	483	416	645	563	189	263	375	302	112	148	277	221	188	4	0	80	77	62	98	232	284	365	393
OTU_109	0	0	7	0	40	4	6	23	39	67	20	23	16	11	74	8	0	0	8	16	10	0	0	0	0	0	15	24	38	24	34	6	0	0	0	9	0	19	5	17	7
OTU_110	103	98	166	140	64	115	110	78	26	38	36	101	111	110	168	243	252	215	114	132	136	84	229	197	203	160	172	64	46	58	110	50	43	133	181	148	137	75	80	89	65
OTU_111	167	105	161	177	76	53	32	58	14	8	115	85	79	121	60	30	41	40	69	33	27	21	96	70	98	117	42	93	101	91	88	63	72	0	67	18	0	46	77	0	53
OTU_112	0	0	0	0	4	0	15	7	0	0	73	0	0	0	66	72	50	71	654	716	779	254	169	118	166	183	19	88	112	127	129	0	0	9	0	22	0	506	786	414	663
OTU_113	0	11	0	0	0	0	0	0	22	30	0	0	0	0	27	9	14	19	16	5	17	0	7	10	12	7	15	40	62	53	36	7	12	0	0	0	0	90	0	0	5
OTU_114	123	140	152	206	44	66	46	53	36	21	0	0	0	0	49	39	57	53	43	45	50	42	150	128	148	138	140	93	93	144	142	105	128	70	162	107	77	52	26	35	42
OTU_115	17	60	8	11	0	6	0	5	5	0	0	7	13	0	88	64	71	56	356	395	348	426	109	80	80	110	44	221	126	172	158	20	11	19	36	17	35	419	553	542	540
OTU_116	64	52	52	67	50	40	19	60	31	20	0	0	0	0	36	24	18	38	8	11	12	15	106	78	91	102	23	113	80	111	62	78	130	6	17	23	9	16	3	0	11
OTU_117	4	0	13	21	13	12	22	19	91	47	0	0	0	0	54	3	12	4	4	15	18	11	63	31	30	26	0	37	56	45	33	3	0	9	0	0	0	35	42	34	9
OTU_118	61	76	48	18	193	59	83	56	0	9	373	220	87	99	144	216	176	232	129	145	168	146	71	40	28	25	102	166	69	68	77	65	7	368	118	321	351	145	181	182	272
OTU_119	29	39	38	29	76	96	114	87	52	50	178	189	233	192	53	24	50	42	1	11	10	7	136	153	168	172	0	11	74	23	33	40	43	0	0	22	40	14	6	0	4
OTU_120	0	0	0	0	0	0	0	0	77	37	0	0	0	0	0	0	0	0	0	0	0	0	0	0	0	0	0	0	0	0	0	0	0	0	0	0	0	0	0	0	0
OTU_121	69	81	30	15	244	122	88	104	0	17	752	494	215	372	48	95	74	73	43	62	52	29	43	35	36	30	60	75	0	44	48	136	60	350	152	229	221	41	71	55	93
OTU_122	20	17	31	10	46	65	32	35	124	48	0	0	0	0	0	0	0	0	26	21	11	91	0	0	4	0	0	22	19	22	12	178	15	107	156	40	37	4	23	0	15
OTU_123	6	0	2	3	10	13	0	8	0	0	43	0	0	0	39	41	50	41	423	390	463	440	157	222	180	248	45	190	227	209	210	0	0	4	50	15	0	372	442	336	369
OTU_124	25	6	0	11	54	22	28	21	0	2	16	9	0	8	177	244	169	277	207	397	287	146	89	109	69	128	41	133	65	123	160	46	44	89	70	174	155	241	293	268	219
OTU_125	0	0	0	0	59	9	39	47	22	14	112	122	66	106	24	0	0	0	0	0	0	0	0	0	0	0	0	0	0	0	0	0	0	0	0	0	0	0	0	0	0
OTU_126	0	0	0	0	7	0	10	0	5	18	0	21	27	45	0	0	0	0	0	0	3	0	0	0	0	0	0	0	0	0	0	0	0	0	0	0	0	9	0	0	0
OTU_127	75	79	141	107	44	27	73	54	21	24	73	47	54	59	131	120	185	163	100	59	113	154	87	115	139	133	35	60	59	54	58	14	51	63	57	92	99	57	47	83	81
OTU_128	9	0	4	54	65	7	40	72	51	61	66	61	92	61	17	9	7	7	18	13	10	0	183	130	116	101	18	40	51	58	49	9	5	18	77	31	39	35	0	0	0
OTU_129	45	79	58	0	69	31	19	55	67	93	76	76	71	82	19	8	0	5	3	33	8	33	0	0	0	0	92	9	19	14	11	102	132	29	13	35	9	35	23	30	22
OTU_130	55	39	19	35	52	43	32	38	10	9	16	9	0	12	133	132	153	148	25	43	52	21	0	0	0	0	250	0	0	0	0	177	74	302	203	259	279	62	52	12	55
OTU_131	69	27	73	51	0	39	19	44	55	13	73	27	54	54	0	16	24	12	364	29	48	449	39	18	23	0	22	0	0	6	0	13	23	138	166	71	163	11	7	0	28
OTU_132	91	92	37	41	389	104	179	226	25	46	59	48	19	26	0	0	0	0	44	55	24	31	49	34	46	37	44	0	0	0	0	52	28	604	296	359	494	64	51	62	66
OTU_133	11	26	18	7	11	14	7	12	4	3	13	0	0	6	0	0	0	0	0	18	5	0	0	4	4	0	0	5	0	0	7	12	24	6	38	10	0	4	0	15	18
OTU_134	9	11	13	0	27	15	20	9	2	0	10	0	0	0	53	65	47	110	225	285	266	169	123	110	100	107	23	208	224	254	163	8	12	23	20	13	23	254	279	188	208
OTU_135	111	148	39	17	315	190	298	461	58	60	0	20	20	20	0	0	0	5	105	16	37	10	0	0	0	0	85	0	0	0	0	26	21	403	437	217	265	17	17	17	26
OTU_137	42	32	17	21	25	7	8	12	0	10	0	0	0	0	69	132	68	139	166	87	111	92	94	69	100	101	34	163	170	125	128	27	12	120	99	100	102	192	186	241	331
OTU_138	29	37	24	24	93	43	68	107	27	41	0	5	0	0	172	173	140	128	68	82	100	50	76	61	67	65	137	0	0	0	0	102	184	80	49	45	101	66	71	121	86
OTU_139	12	0	0	0	7	5	0	0	2	0	0	0	0	0	75	103	64	88	419	275	350	314	14	34	16	37	16	29	42	64	26	0	0	5	27	24	12	281	286	404	314
OTU_140	0	17	0	0	0	0	0	9	4	24	0	0	0	10	6	0	0	0	0	0	0	0	0	0	0	0	0	0	0	0	0	7	0	0	0	0	9	0	0	0	0
OTU_141	0	33	0	9	4	4	0	4	5	0	0	0	0	0	34	22	23	17	243	202	315	128	132	112	110	112	42	199	157	166	171	0	10	59	0	56	35	214	259	113	247
OTU_142	11	0	0	19	13	0	14	4	0	0	0	0	0	0	45	72	89	70	194	200	252	232	56	81	72	60	28	68	103	136	92	0	0	22	50	0	29	207	239	328	259
OTU_143	38	13	11	9	18	49	54	27	0	15	0	0	0	0	36	16	15	24	10	0	0	0	94	59	104	90	0	31	31	32	26	13	26	7	12	0	0	0	0	28	10
OTU_144	2	27	34	0	0	7	3	14	17	13	69	48	102	60	54	38	62	34	97	44	31	65	149	22	29	6	0	0	0	0	0	6	0	70	51	28	20	9	5	19	4
OTU_145	28	35	15	17	25	8	17	7	0	0	40	51	103	53	102	152	88	128	12	13	14	48	66	37	75	40	31	108	125	128	137	7	15	29	0	0	23	52	65	83	30
OTU_146	12	27	0	24	97	61	71	103	16	15	0	27	25	23	72	88	73	163	49	74	35	38	126	81	77	96	15	13	0	4	12	16	17	129	105	81	119	39	65	79	71
OTU_147	0	0	7	0	6	0	6	2	0	0	10	0	0	0	42	113	51	87	229	249	111	82	47	42	44	40	16	164	158	130	78	0	6	32	6	70	34	249	253	365	434
OTU_148	9	0	0	0	8	7	15	10	9	0	0	0	0	0	7	0	0	0	0	0	0	0	0	0	0	0	0	0	0	0	0	14	9	0	0	4	0	0	0	0	0
OTU_149	13	37	7	0	59	29	46	36	39	16	162	128	93	155	20	0	0	0	0	0	0	0	27	35	22	29	35	0	0	7	0	22	4	29	14	126	79	4	6	0	0
OTU_150	15	18	15	28	23	0	14	26	29	18	0	1	0	2	19	30	32	34	41	51	50	22	166	142	149	123	26	106	159	132	97	0	32	23	29	29	11	31	65	27	51
OTU_151	115	77	0	82	147	47	123	89	18	18	0	0	0	0	24	0	16	28	11	13	18	12	9	0	0	0	203	0	0	0	0	12	28	236	497	411	213	6	21	0	0
OTU_152	140	78	71	47	107	115	119	103	7	7	23	0	4	0	0	0	0	0	4	0	7	4	3	0	0	0	57	0	0	0	0	0	28	173	270	179	343	0	0	0	10
OTU_153	5	0	0	0	0	0	0	0	0	0	0	0	0	0	70	41	30	33	361	327	303	107	87	68	87	84	0	57	43	41	73	3	5	5	0	0	0	261	344	188	340
OTU_154	8	20	0	0	14	0	4	0	35	33	0	0	0	0	5	0	3	0	8	6	25	10	7	6	3	0	10	29	8	9	7	12	28	0	0	0	0	25	12	27	20
OTU_155	9	0	0	0	0	36	25	8	36	46	0	4	0	12	1	0	0	0	0	11	0	0	0	0	0	0	0	0	0	0	0	0	0	0	0	0	0	0	0	0	0
OTU_156	24	54	32	15	78	41	82	78	288	415	0	0	0	0	0	0	0	0	2	10	14	2	0	0	0	0	39	22	11	5	5	17	18	0	0	0	0	9	0	0	0
OTU_157	0	0	21	12	0	5	0	17	10	6	0	35	42	38	11	13	35	8	163	26	27	54	87	33	9	5	0	0	0	0	0	0	0	49	61	13	38	11	7	15	25
OTU_158	20	0	0	0	0	0	0	0	0	0	10	0	0	7	55	52	71	57	276	205	199	324	26	15	16	17	7	64	57	53	24	0	0	34	0	46	0	192	244	176	298
OTU_159	0	0	0	0	14	0	0	6	0	0	0	0	0	0	54	49	30	70	242	183	143	34	89	35	49	49	7	148	124	128	92	0	0	12	0	0	3	240	329	260	328
OTU_160	12	52	0	53	39	0	0	0	58	42	0	0	0	0	74	85	65	52	59	74	43	90	0	50	125	79	0	0	0	0	0	39	43	44	53	0	0	59	88	79	70
OTU_161	45	0	34	17	43	115	71	47	50	30	23	23	57	31	5	0	0	0	27	11	23	36	104	226	147	161	0	0	0	0	8	12	24	32	16	12	34	20	23	0	26
OTU_162	25	55	54	0	20	9	24	24	19	35	224	195	181	193	4	0	0	0	0	0	0	0	0	0	0	0	19	0	0	2	0	83	70	64	47	36	22	12	0	0	3
OTU_163	45	0	0	10	18	0	15	7	0	4	0	0	0	0	29	24	24	27	123	200	129	110	193	151	185	147	19	173	141	93	111	5	10	0	0	0	12	134	193	160	57
OTU_164	10	15	4	14	23	10	23	16	12	21	0	0	0	0	9	12	11	8	86	73	86	16	97	91	63	108	54	126	149	135	141	22	13	49	89	68	36	56	77	70	95
OTU_165	16	6	0	15	6	5	17	10	0	0	20	25	13	14	216	179	148	146	157	137	131	162	61	52	55	82	28	46	49	42	34	0	0	35	50	0	20	115	112	54	122
OTU_166	29	19	63	30	15	16	16	12	43	53	145	146	252	263	0	0	1	0	5	0	7	0	3	0	0	2	6	2	0	0	0	0	5	25	26	22	16	2	0	9	1
OTU_167	0	14	32	7	8	4	0	11	30	15	0	0	0	0	0	0	0	0	11	0	6	34	0	0	0	0	15	0	0	7	0	11	22	23	78	0	28	5	0	0	6
OTU_168	4	0	15	26	0	2	2	0	0	4	0	0	0	8	47	53	59	58	142	154	148	110	100	52	79	32	35	91	91	75	44	9	0	10	17	20	16	145	200	200	242
OTU_169	73	147	41	80	82	131	103	140	15	29	0	9	16	4	20	10	23	21	105	52	59	68	17	22	18	40	57	0	5	0	2	7	6	91	167	107	141	9	14	40	32
OTU_170	66	84	67	46	8	12	26	21	15	10	0	34	16	16	19	1	1	0	4	4	0	0	0	4	4	0	4	22	13	4	15	78	88	51	60	30	11	0	0	0	0
OTU_171	0	0	0	0	0	0	0	0	0	0	0	0	0	0	0	0	0	0	0	0	0	0	0	0	0	0	0	0	0	0	0	0	0	0	0	0	0	49	0	0	0
OTU_172	16	37	15	20	19	36	12	14	28	16	122	271	527	439	0	0	5	0	18	22	10	5	7	4	7	12	20	0	0	4	6	0	12	12	0	12	12	15	0	0	0
OTU_173	0	0	0	0	0	0	0	0	0	0	0	0	0	0	10	21	9	39	180	209	231	66	11	16	7	10	0	40	32	26	21	0	0	0	0	0	0	198	272	426	419
OTU_174	7	0	0	0	0	0	0	5	0	0	0	0	0	0	16	20	43	23	264	189	293	312	0	27	15	26	0	29	20	37	36	0	0	16	0	0	0	168	129	272	163
OTU_175	4	11	0	0	17	12	0	5	0	0	0	0	0	0	28	20	27	42	105	155	142	57	69	90	119	115	32	73	146	137	127	6	0	41	0	23	31	106	128	46	157
OTU_176	0	33	7	5	0	0	8	0	4	0	0	11	0	6	11	3	5	8	4	3	5	15	66	68	75	60	12	0	0	0	0	8	18	8	0	8	20	5	11	17	10
OTU_177	34	9	40	48	33	72	26	33	18	39	0	0	0	0	42	15	12	18	6	7	6	7	44	57	55	29	19	124	69	58	39	26	16	14	6	20	14	0	5	15	8
OTU_178	11	0	0	16	7	0	0	46	13	0	92	42	103	44	10	11	23	9	88	27	25	98	77	4	0	0	0	0	0	3	2	25	9	19	0	13	12	0	14	0	11
OTU_179	0	26	0	0	0	0	0	0	0	0	0	0	0	0	0	0	0	0	0	0	0	0	0	0	0	0	0	0	0	0	0	0	0	0	0	0	0	0	0	0	0
OTU_180	0	0	0	0	0	0	0	0	0	0	0	0	0	0	383	436	471	439	59	30	53	57	0	0	0	0	0	0	2	2	6	0	0	0	0	0	0	92	36	27	52
OTU_181	28	19	30	17	13	12	14	9	12	43	23	12	30	34	11	0	18	8	25	17	28	47	4	6	3	11	18	0	11	18	6	18	32	29	27	17	10	30	19	47	18
OTU_182	11	0	0	5	8	12	14	1	4	9	0	0	0	0	36	52	30	27	112	131	172	164	76	61	66	64	20	46	62	39	56	5	0	0	16	29	3	143	107	214	101
OTU_183	7	0	3	4	0	12	43	11	93	69	16	6	18	18	0	0	0	3	1	0	6	7	1	1	0	1	1	2	1	1	0	0	4	4	3	0	0	0	0	0	0
OTU_184	45	41	16	17	10	17	0	23	0	10	0	29	44	32	0	0	0	0	0	0	0	0	0	0	0	0	0	0	0	0	0	0	0	0	0	0	0	0	0	0	0
OTU_185	0	0	0	0	94	0	37	50	30	21	956	573	277	355	0	0	0	0	0	0	0	0	0	0	0	0	0	0	0	0	0	0	0	0	0	37	49	0	0	0	0
OTU_186	4	0	8	10	18	8	0	11	9	11	0	8	0	10	0	6	0	0	4	9	7	0	0	5	9	6	26	0	0	5	0	7	8	0	0	0	0	0	7	0	8
OTU_187	6	9	0	0	3	0	3	6	0	0	0	0	3	0	27	24	30	28	126	169	204	217	16	16	9	15	12	71	111	58	88	0	0	0	0	15	0	151	123	137	177
OTU_189	14	0	0	3	10	13	16	19	12	0	0	0	4	0	12	14	12	20	45	113	75	45	69	29	68	40	13	181	141	136	170	3	11	13	7	14	10	63	117	83	138
OTU_190	0	0	0	0	0	0	0	0	0	0	0	0	0	0	27	42	32	32	214	205	235	64	57	47	46	39	7	37	34	63	43	0	0	0	0	17	10	120	173	156	137
OTU_191	8	16	3	28	16	39	40	29	4	13	20	33	53	87	17	6	8	6	0	0	0	0	7	13	0	11	0	0	0	6	0	12	12	16	20	17	4	0	12	9	0
OTU_192	0	0	0	0	3	0	6	9	17	23	0	0	0	0	10	3	0	0	0	0	0	0	0	0	0	6	0	7	0	10	11	0	0	0	0	0	0	6	10	0	0
OTU_193	0	0	0	0	0	0	0	0	0	0	0	0	0	0	365	365	555	449	5	5	4	5	0	0	0	0	0	0	0	7	0	0	0	0	0	0	0	0	0	0	0
OTU_194	0	0	0	3	0	1	4	8	0	8	0	0	0	0	0	8	0	0	4	0	8	0	0	0	3	5	0	0	0	0	0	0	21	0	22	0	19	15	11	0	0
OTU_195	11	11	7	11	0	12	5	6	4	0	30	15	8	13	0	14	0	5	47	4	3	12	7	0	0	0	0	0	0	0	0	3	18	10	67	29	23	10	6	38	0
OTU_196	0	0	0	0	5	13	2	18	55	62	0	0	0	0	26	0	0	0	0	0	0	0	11	3	12	9	0	0	0	0	0	0	7	0	0	0	0	0	0	0	0
OTU_197	7	0	0	3	0	0	0	6	0	0	0	4	5	0	61	31	35	38	62	81	106	110	60	69	86	77	0	0	15	5	0	0	0	4	19	0	37	82	65	46	74
OTU_198	11	0	0	9	0	4	0	0	4	14	0	0	13	4	0	0	0	0	0	0	0	0	6	2	4	5	0	0	4	5	0	0	10	8	0	0	0	0	0	17	0
OTU_199	0	0	8	6	0	0	0	0	53	26	0	0	0	0	3	0	0	0	0	0	0	0	0	0	0	0	0	0	0	12	12	63	9	0	36	0	0	0	0	0	6
OTU_200	0	0	0	0	8	0	11	8	0	0	0	0	0	0	64	35	71	53	145	154	152	146	27	39	31	16	28	55	19	30	32	0	0	0	0	8	0	72	118	73	60
OTU_201	10	0	13	0	25	7	5	26	11	7	0	0	0	0	6	10	0	17	47	91	54	45	43	38	52	46	15	51	33	54	48	0	0	46	0	45	28	36	113	100	94
OTU_202	0	0	0	0	11	5	0	0	0	0	0	8	12	0	0	0	5	5	0	3	8	0	0	0	0	0	0	0	0	10	0	9	4	13	0	7	2	0	0	0	4
OTU_203	42	25	17	9	4	18	0	17	12	12	0	0	0	0	20	13	10	12	35	25	23	36	97	91	92	111	20	58	54	53	25	21	8	11	35	25	12	18	16	28	7
OTU_204	0	0	0	0	6	0	0	5	0	0	0	8	0	0	51	24	17	20	118	83	154	88	59	61	79	47	20	46	63	74	44	0	5	14	10	0	0	37	109	109	93
OTU_205	0	10	4	7	25	19	16	4	50	26	0	0	0	0	10	0	0	0	12	0	4	0	13	10	11	14	0	13	12	22	16	9	4	12	22	11	11	13	16	8	12
OTU_206	0	0	0	0	0	5	0	0	0	15	0	0	0	0	0	0	0	0	0	0	6	35	0	0	0	0	7	0	0	7	0	13	24	6	56	6	4	0	0	0	0
OTU_207	0	0	0	0	0	0	0	0	7	0	53	11	28	41	0	0	0	0	0	0	0	0	0	0	0	0	0	0	0	0	0	0	0	0	0	0	0	0	0	0	0
OTU_208	10	10	21	29	17	6	23	19	8	4	0	0	4	0	0	0	0	5	38	12	17	11	104	81	74	82	18	31	22	29	22	13	28	77	53	67	68	28	26	0	4
OTU_209	0	0	0	0	4	0	0	0	0	0	0	0	0	0	13	20	16	35	130	127	73	38	16	15	16	14	0	35	36	32	17	0	0	0	0	0	0	168	185	148	219
OTU_210	0	0	0	0	0	0	0	0	0	0	0	0	0	0	7	8	18	14	151	149	170	66	0	0	6	0	0	20	46	31	16	0	0	0	0	0	0	199	148	113	176
OTU_211	19	38	73	13	38	77	46	32	49	35	16	23	54	30	3	0	0	0	0	0	0	0	0	0	0	0	0	0	0	0	0	0	0	10	54	4	4	0	0	0	0
OTU_212	0	0	0	0	0	0	0	0	0	0	0	0	0	0	22	19	27	24	83	103	161	143	30	14	16	22	0	40	23	11	11	0	0	0	12	0	0	96	119	133	158
OTU_213	16	29	0	0	0	0	0	0	0	0	0	0	0	0	4	0	3	0	66	107	104	174	0	0	0	0	35	49	54	36	34	12	10	5	14	34	14	90	83	135	83
OTU_214	0	0	0	0	0	0	0	0	0	0	0	0	0	0	33	41	38	39	96	87	82	61	14	11	16	15	0	24	36	26	16	0	0	3	0	10	8	106	90	161	264
OTU_215	3	0	22	0	18	10	22	10	19	44	0	0	0	0	20	5	0	0	0	0	3	0	0	0	0	4	0	5	0	11	7	6	0	0	16	0	0	0	5	4	2
OTU_216	0	0	0	0	20	0	0	0	30	38	0	0	0	0	26	0	0	0	24	31	22	0	16	17	0	0	0	0	0	16	17	0	0	0	0	18	0	20	24	28	18
OTU_217	0	0	0	0	0	0	0	0	0	0	0	0	0	0	0	0	0	0	0	0	0	0	0	0	0	0	0	0	0	0	0	0	0	0	0	0	0	0	0	0	0
OTU_218	0	0	0	0	0	0	0	0	0	0	0	0	15	0	0	4	5	4	12	0	7	6	0	0	0	9	0	0	0	0	2	0	0	13	0	0	0	0	0	0	0
OTU_219	0	0	0	0	5	9	0	7	0	0	0	0	0	0	29	62	49	58	87	93	37	40	9	9	11	5	0	16	20	21	9	5	0	42	28	22	59	51	103	98	127
OTU_220	53	88	24	19	8	0	14	0	0	0	26	9	10	18	0	22	13	19	19	16	27	62	11	0	10	0	133	0	0	0	5	7	14	23	52	29	22	19	18	50	21
OTU_221	0	0	0	0	8	2	10	10	12	34	0	0	2	0	0	0	0	2	0	6	12	0	0	0	0	0	4	0	5	0	2	0	0	0	0	0	4	4	16	0	5
OTU_222	8	0	0	0	5	6	4	0	3	0	0	0	0	0	7	29	9	14	65	58	71	55	67	17	46	36	6	62	63	48	58	0	0	14	0	0	0	52	85	27	91
OTU_223	0	13	11	2	0	0	3	0	0	0	40	22	9	29	6	11	14	17	27	66	46	79	0	0	0	10	28	31	43	24	28	0	0	7	0	13	29	36	58	42	70
OTU_224	11	1	7	1	5	22	22	30	0	2	0	0	0	0	60	30	54	44	22	26	25	24	96	57	19	30	31	0	0	0	0	1	5	24	17	45	17	18	2	0	23
OTU_225	0	0	4	9	8	12	9	19	3	11	0	0	0	3	15	22	6	13	27	0	21	30	26	71	70	61	16	80	67	64	40	10	8	0	18	4	17	33	15	34	24
OTU_226	0	0	0	0	0	0	0	6	9	0	0	0	0	0	0	0	0	0	0	0	0	0	0	0	0	0	0	0	0	0	0	0	10	0	0	0	0	0	0	0	0
OTU_227	0	0	4	0	8	2	0	0	0	0	0	0	0	0	26	17	24	26	62	101	89	100	0	5	4	5	0	20	16	13	9	0	0	0	0	12	0	90	109	136	98
OTU_228	0	0	0	0	8	0	8	3	0	0	0	0	0	0	12	14	0	12	37	67	22	11	59	63	44	69	0	64	85	83	61	4	8	4	0	12	0	51	76	15	87
OTU_229	43	45	37	25	0	0	0	0	0	0	0	0	0	0	6	5	9	7	27	24	10	38	6	0	11	0	13	13	18	14	16	20	9	0	22	11	17	0	0	16	16
OTU_230	16	19	11	8	45	12	35	21	24	18	0	14	18	3	35	29	22	36	0	6	0	0	0	5	4	6	26	7	0	0	0	12	20	31	29	0	36	0	3	0	0
OTU_231	10	16	13	7	6	0	0	0	0	0	0	0	0	0	0	0	0	0	0	0	0	19	0	0	0	0	0	0	0	0	0	14	2	0	0	0	12	0	0	0	4
OTU_232	9	41	21	12	16	18	22	18	10	0	0	0	20	16	20	14	23	26	18	21	38	31	14	20	13	15	28	11	0	0	0	4	5	43	54	28	6	26	15	22	15
OTU_233	3	12	0	17	0	0	0	0	0	3	0	0	0	0	0	3	3	0	4	20	37	98	3	0	0	0	6	0	9	18	5	0	0	0	0	0	0	23	55	79	24
OTU_234	6	0	0	0	0	3	4	0	0	0	0	0	0	0	9	12	0	19	75	80	78	55	57	33	69	61	0	68	20	44	52	5	4	7	0	0	2	43	42	16	40
OTU_235	6	0	0	0	12	5	0	0	0	6	0	0	0	0	10	10	0	8	29	43	32	31	44	40	30	20	10	44	66	58	47	6	0	10	14	34	7	11	39	58	34
OTU_236	10	0	0	0	0	10	0	4	10	0	0	0	0	0	17	17	27	36	35	69	64	42	39	23	64	26	0	16	35	45	44	0	0	7	0	34	0	35	55	5	33
OTU_237	0	0	0	0	3	0	0	7	5	0	0	0	0	0	0	0	0	0	0	0	0	0	0	0	0	0	38	9	0	4	5	19	10	0	0	0	0	4	0	0	0
OTU_238	4	0	0	0	0	12	4	18	79	21	0	0	0	0	0	0	0	0	13	19	4	6	0	0	0	0	0	0	0	4	0	14	4	22	0	11	27	0	0	0	5
OTU_239	0	0	0	0	0	0	0	0	0	0	0	0	0	0	15	8	0	10	4	5	0	0	0	0	0	0	0	2	9	6	9	0	0	0	0	0	5	14	0	0	0
OTU_240	0	0	7	0	0	0	0	3	0	7	0	0	9	3	0	0	4	0	7	11	0	0	0	0	7	0	0	0	0	0	4	4	0	5	34	0	0	0	4	0	0
OTU_241	0	0	0	0	0	0	0	0	4	0	0	0	0	0	12	11	8	13	25	28	32	6	13	7	11	5	0	29	32	14	9	0	0	0	0	0	12	43	57	47	45
OTU_242	0	0	0	0	16	6	17	6	0	0	13	11	0	0	7	7	5	28	11	3	10	0	66	54	40	46	0	126	168	82	90	0	20	0	0	0	0	0	0	0	0
OTU_243	3	0	4	0	11	24	9	5	0	0	69	21	15	29	0	10	0	10	0	0	0	0	9	3	0	0	18	0	16	6	9	37	11	14	0	0	0	0	0	0	0
OTU_244	0	0	15	0	6	18	17	11	18	15	0	0	5	7	13	19	0	0	4	12	0	0	7	11	5	0	0	0	12	13	3	0	0	0	0	0	2	0	0	0	0
OTU_245	0	0	0	0	0	0	0	0	3	0	0	0	0	0	0	7	0	0	10	10	20	5	6	8	0	0	0	0	13	8	7	0	0	0	0	0	0	11	3	11	7
OTU_246	0	0	0	0	2	0	0	0	0	0	0	0	0	0	15	8	25	20	74	78	114	49	21	11	32	27	0	13	4	0	19	0	0	0	0	0	0	53	58	100	47
OTU_247	9	8	5	5	8	16	16	17	13	9	16	11	9	6	0	0	0	1	0	0	2	1	0	1	4	5	6	0	0	2	0	10	6	0	0	2	1	1	0	0	0
OTU_249	3	0	0	0	0	0	0	0	0	0	0	0	0	0	36	48	34	81	35	41	10	59	0	0	0	4	0	0	34	21	13	37	15	0	0	0	0	20	37	16	17
OTU_250	0	0	0	0	0	0	0	0	0	0	0	0	0	0	10	7	5	7	4	0	0	0	0	0	0	0	4	0	0	0	0	6	0	0	0	0	0	0	2	0	0
OTU_251	0	0	0	0	0	0	0	0	0	0	0	0	0	0	60	47	32	39	35	51	29	43	0	18	8	16	0	0	7	0	0	0	5	0	0	0	8	56	52	144	61
OTU_252	0	5	0	0	0	0	0	0	0	0	0	0	0	0	0	0	0	0	0	0	0	0	0	0	0	0	0	0	0	0	0	0	8	0	0	0	0	0	0	0	0
OTU_253	0	0	0	0	0	0	0	0	0	0	0	2	0	0	27	25	28	21	43	61	48	42	16	16	22	14	0	42	20	19	14	0	0	0	0	0	8	44	58	51	58
OTU_254	0	0	0	0	0	0	0	0	51	17	0	0	0	0	0	0	0	0	0	0	0	0	0	0	0	0	6	0	0	0	0	23	12	0	0	0	8	0	0	0	0
OTU_255	0	0	0	0	0	0	0	0	0	0	13	0	0	0	20	27	23	43	53	67	10	44	10	7	0	0	0	27	11	0	0	0	0	23	16	29	20	31	48	61	87
OTU_256	2	0	8	0	72	58	68	49	61	87	0	0	0	0	0	4	3	0	0	0	0	0	0	0	0	0	0	7	0	0	0	6	5	5	0	4	22	0	0	0	0
OTU_257	10	33	39	0	0	0	6	6	0	0	0	0	0	0	0	0	7	0	19	0	10	171	0	5	3	0	0	0	0	0	0	0	0	13	0	0	25	0	0	12	0
OTU_258	8	10	8	0	42	12	27	50	0	0	0	11	11	0	0	0	0	2	0	4	0	12	0	0	0	0	13	0	0	0	4	0	0	27	17	4	13	0	0	0	0
OTU_259	18	0	7	7	5	0	6	3	0	0	0	0	0	0	12	16	9	33	43	48	19	42	10	14	20	9	0	38	23	25	16	9	0	6	5	5	0	24	55	42	28
OTU_260	16	4	7	0	4	7	0	5	10	7	20	8	27	11	0	3	13	4	0	0	0	0	0	4	0	4	9	5	0	3	5	3	0	0	6	0	7	4	0	0	0
OTU_261	0	0	0	0	0	0	0	0	0	0	0	0	0	0	6	5	4	8	81	81	101	53	0	6	7	5	0	0	0	0	0	0	0	0	0	0	4	66	25	71	60
OTU_262	0	0	0	0	0	0	0	0	4	0	0	0	0	0	0	0	0	0	0	0	0	0	0	0	0	0	0	0	0	0	2	23	0	0	0	0	0	0	0	0	0
OTU_263	7	0	14	7	10	18	30	10	19	10	23	0	0	14	13	8	3	0	6	10	0	0	6	6	5	0	0	0	0	14	0	0	0	0	0	0	3	0	0	0	0
OTU_264	0	0	9	0	3	0	10	0	0	3	0	0	0	0	9	8	7	0	26	39	37	18	21	11	11	22	13	29	41	20	37	0	0	7	0	8	0	19	32	8	31
OTU_265	4	0	0	0	0	0	0	0	0	0	0	0	0	0	22	30	19	32	56	62	33	61	9	5	0	6	0	13	13	12	19	0	0	5	3	0	0	26	47	70	65
OTU_266	0	0	0	0	11	0	0	0	0	9	0	0	0	0	0	0	0	0	0	0	0	0	0	0	0	0	0	0	0	0	0	0	0	0	0	0	0	0	0	0	0
OTU_267	0	0	0	0	0	0	0	0	0	0	0	0	0	0	31	17	30	20	11	8	0	0	26	51	25	50	0	55	82	37	63	3	4	0	0	0	0	0	0	0	0
OTU_268	0	0	17	0	0	0	0	8	0	0	36	18	18	24	0	5	4	0	71	0	2	21	29	0	0	0	0	0	0	0	0	0	0	0	0	0	0	7	0	0	0
OTU_269	0	0	0	0	0	0	0	0	0	0	0	0	0	9	0	7	0	0	39	31	58	43	0	0	0	0	0	0	0	0	0	0	0	0	0	0	0	98	69	178	78
OTU_270	0	0	0	0	0	12	0	0	0	0	0	0	0	0	0	0	8	5	5	0	2	11	0	15	25	20	0	11	0	12	14	0	0	0	0	0	0	0	0	0	0
OTU_271	0	0	0	0	6	5	0	3	0	0	0	0	0	0	46	66	34	65	7	0	8	0	103	58	85	84	0	0	0	0	0	0	0	0	6	0	0	13	4	24	18
OTU_272	0	0	0	0	0	0	0	0	0	0	0	0	0	0	15	36	14	19	9	5	15	0	117	103	154	87	0	0	0	6	2	0	0	0	0	0	7	8	19	9	25
OTU_273	12	15	2	21	0	4	15	19	1	2	33	2	4	3	2	0	0	0	0	2	1	0	1	3	3	4	19	0	4	3	4	6	3	10	8	12	20	1	0	0	0
OTU_274	0	0	0	0	0	0	0	0	0	0	0	0	0	0	32	25	10	15	38	37	50	54	19	37	23	25	0	18	17	39	30	0	0	0	0	0	0	25	25	5	57
OTU_275	7	7	0	0	0	0	6	0	0	11	0	0	0	0	0	0	0	2	0	6	17	4	0	0	0	0	10	9	4	0	11	14	16	3	0	4	8	6	0	0	12
OTU_276	0	9	4	0	9	14	0	0	0	0	0	0	0	0	0	0	0	0	8	4	12	87	0	0	0	0	0	0	0	0	0	0	4	23	45	0	0	6	14	12	11
OTU_277	0	0	0	0	0	8	0	0	0	0	0	0	0	0	0	0	0	0	0	0	0	0	0	0	0	0	0	0	0	0	0	0	0	0	0	0	0	0	0	0	0
OTU_278	0	0	28	0	0	0	0	9	14	0	0	0	0	0	0	0	0	8	100	0	4	72	23	0	0	0	0	0	0	0	0	0	0	0	0	12	0	0	0	9	0
OTU_279	0	0	0	0	8	11	0	2	3	7	0	0	0	0	15	8	4	8	43	32	67	61	11	16	16	4	0	9	19	13	16	3	0	0	0	0	10	15	12	9	34
OTU_280	3	0	3	0	0	0	0	4	0	0	0	0	0	5	12	0	0	0	75	11	17	154	19	0	0	0	0	0	0	0	0	0	0	14	2	0	0	3	0	8	11
OTU_281	0	0	0	0	0	0	0	0	0	0	7	0	0	0	6	15	13	23	62	84	101	20	7	0	4	6	4	27	0	0	6	0	0	0	0	0	0	43	54	34	53
OTU_282	0	0	0	0	0	0	0	0	0	0	0	0	0	0	0	0	10	4	98	70	94	38	0	3	0	9	0	11	0	9	4	0	0	0	0	0	0	67	80	22	20
OTU_283	2	0	0	7	5	5	3	0	0	5	0	0	0	0	24	5	5	11	27	18	23	11	4	17	15	26	0	9	12	12	13	0	0	0	0	9	0	16	37	26	18
OTU_284	4	46	15	2	20	12	9	5	0	2	0	5	28	4	12	15	0	0	0	0	0	0	0	0	0	0	15	0	0	3	0	0	24	45	43	68	33	0	0	0	0
OTU_285	0	0	0	0	0	0	0	0	0	0	0	0	0	0	12	34	22	26	32	37	35	25	9	4	15	9	0	38	39	20	16	0	0	0	0	0	0	38	42	58	53
OTU_286	3	0	0	0	4	0	0	0	0	0	0	0	6	0	22	33	32	31	49	47	65	26	9	21	16	22	0	0	0	6	4	0	0	0	0	0	0	37	0	44	57
OTU_287	0	0	0	0	0	0	0	0	0	0	0	0	0	0	0	12	2	3	61	44	35	19	0	6	0	0	0	13	5	8	5	0	0	0	0	0	0	55	62	118	85
OTU_288	0	0	0	0	0	0	5	0	0	0	0	0	0	0	0	0	0	2	10	0	0	0	0	0	0	0	0	0	0	0	0	0	0	0	0	0	0	0	0	0	0
OTU_289	4	16	0	12	0	0	0	5	26	7	0	0	0	0	0	0	0	0	0	0	0	11	0	0	0	0	0	0	0	0	0	2	5	0	0	0	0	0	0	0	4
OTU_290	0	0	0	0	0	0	0	0	0	0	59	58	73	54	0	0	0	0	0	0	5	0	0	0	0	0	0	0	0	0	7	0	0	0	0	0	0	0	0	8	0
OTU_291	0	0	0	0	0	0	3	6	18	6	0	0	0	0	0	0	0	0	58	7	10	8	11	0	4	0	0	0	0	0	0	0	0	10	0	0	0	0	22	0	0
OTU_292	0	0	0	0	0	3	0	0	0	0	0	0	0	0	8	13	0	7	50	47	54	50	4	9	14	0	0	0	4	12	21	0	0	0	32	11	9	36	21	63	11
OTU_293	0	0	0	0	0	0	6	0	0	0	0	0	0	0	0	2	0	0	66	55	30	37	14	3	16	19	0	22	0	20	19	0	0	0	0	0	0	41	36	56	52
OTU_294	3	0	0	0	6	0	4	0	11	10	13	15	0	14	8	3	5	0	0	0	0	0	0	5	0	0	0	0	0	3	0	0	0	0	0	0	4	8	0	0	0
OTU_295	0	0	0	4	0	0	0	0	0	0	7	0	11	6	0	0	26	21	9	15	8	2	11	0	0	6	0	0	0	0	0	4	0	0	0	0	0	17	22	0	30
OTU_296	0	6	0	0	0	0	3	0	0	0	0	0	0	0	0	11	6	6	39	24	23	54	0	0	3	0	0	11	0	0	0	0	0	0	0	0	0	57	50	75	98
OTU_297	0	0	0	0	0	0	0	0	0	8	0	19	18	17	0	0	0	0	0	0	0	0	0	0	0	0	0	0	0	0	0	0	0	0	0	6	0	4	0	0	0
OTU_298	9	0	0	0	0	0	0	0	0	0	0	0	0	0	6	0	0	4	0	8	0	0	0	0	0	0	0	0	0	0	0	0	0	0	0	0	0	0	4	0	0
OTU_299	0	0	0	0	0	6	7	0	0	0	0	0	0	0	0	0	0	0	0	0	0	4	0	0	0	9	0	0	0	10	8	0	3	0	0	0	0	0	0	0	0
OTU_300	0	0	0	0	0	0	0	0	0	0	0	0	0	0	0	0	0	2	70	37	59	96	0	0	0	0	0	0	0	5	0	0	0	0	0	0	0	27	17	83	50
OTU_301	0	0	1	0	0	0	17	11	0	0	0	0	0	0	0	0	0	0	0	0	0	0	0	0	0	0	0	0	0	0	0	0	0	0	9	0	10	0	0	0	0
OTU_302	0	0	0	0	8	0	0	0	0	0	0	0	0	0	13	16	14	14	0	0	0	0	0	0	0	0	0	0	0	0	0	0	0	14	0	12	2	0	0	0	0
OTU_303	0	0	0	0	0	0	0	0	0	0	0	0	0	0	0	0	0	0	0	29	17	17	0	0	0	0	0	93	91	83	73	0	0	0	0	0	5	20	3	27	18
OTU_304	0	20	0	0	13	35	49	51	12	4	0	0	3	0	6	7	0	5	10	0	6	0	0	0	0	0	13	0	0	0	0	14	0	18	0	0	20	0	0	17	9
OTU_305	0	0	0	0	0	0	0	0	0	0	0	0	0	0	6	12	13	5	35	52	66	0	21	17	8	14	0	20	20	12	23	0	0	0	0	0	0	23	43	42	25
OTU_306	0	0	0	27	0	0	0	46	0	0	0	8	22	6	0	0	0	0	0	0	0	0	0	0	0	0	0	0	0	0	0	0	0	0	0	0	0	0	0	0	0
OTU_307	1	0	1	6	1	1	0	5	1	3	0	5	4	0	4	1	6	3	0	2	0	0	0	3	1	0	1	0	0	0	3	4	4	0	0	0	0	0	0	0	0
OTU_308	9	4	9	19	8	11	2	5	4	9	10	6	2	0	0	0	0	3	0	0	0	0	1	1	0	7	3	0	0	0	0	2	2	3	2	7	2	0	0	0	0
OTU_309	10	23	18	9	8	0	3	9	0	8	0	0	6	27	4	3	8	0	0	3	19	11	0	0	3	0	0	0	0	2	0	0	4	6	43	5	0	8	10	0	0
OTU_310	0	0	0	0	0	0	0	0	0	0	0	0	0	0	0	0	0	0	0	0	0	0	0	0	0	0	0	0	0	0	0	0	0	0	0	0	0	0	0	0	0
OTU_311	4	23	10	0	8	6	0	0	0	0	0	0	0	0	0	0	0	0	0	64	17	0	0	0	0	11	16	0	0	0	0	0	0	48	13	0	0	0	0	0	0
OTU_312	0	0	0	0	2	0	0	0	0	0	0	0	0	0	0	15	10	18	28	27	12	33	10	0	4	0	0	24	43	18	23	0	0	0	0	0	0	20	53	31	53
OTU_313	3	0	3	2	1	2	3	1	0	1	0	0	0	0	0	0	0	0	0	0	0	0	0	0	0	0	0	0	0	0	0	4	0	0	0	0	0	0	0	0	0
OTU_314	0	0	0	0	0	8	0	0	0	0	0	0	5	0	0	0	6	0	0	0	0	4	0	8	0	0	0	0	0	0	13	0	0	0	0	0	0	0	4	0	0
OTU_315	11	2	4	8	2	9	11	12	4	9	13	5	4	4	1	0	0	2	0	2	0	0	0	0	0	1	3	2	0	0	0	5	3	0	0	3	2	0	0	0	0
OTU_316	0	0	0	10	10	12	0	9	7	4	0	0	20	0	0	0	0	0	5	3	8	7	0	4	5	0	0	0	0	0	4	0	0	0	0	0	4	4	5	0	11
OTU_317	0	0	0	0	0	0	0	0	0	0	13	0	0	0	0	0	0	0	41	19	13	100	0	0	0	0	0	5	10	7	2	0	0	0	0	0	0	28	8	19	11
OTU_318	0	0	0	3	0	0	0	4	0	0	0	0	0	0	0	5	7	0	26	24	23	22	4	7	16	16	9	29	28	26	32	0	0	0	0	0	0	16	26	22	24
OTU_319	0	5	0	0	6	0	0	0	2	16	0	14	11	28	0	0	0	0	0	0	0	0	0	0	0	0	0	0	0	0	0	0	0	0	0	0	0	0	0	0	0
OTU_320	0	0	0	0	0	0	0	0	0	0	0	0	0	0	3	2	3	0	25	25	33	24	0	6	15	6	0	38	54	75	40	0	0	0	0	0	0	4	5	19	13
OTU_321	0	0	0	0	0	0	0	0	0	0	0	0	0	0	4	0	10	9	30	72	77	48	0	0	0	0	0	0	0	0	2	0	0	0	0	0	0	37	7	28	38
OTU_322	0	0	0	0	0	0	0	0	5	5	0	0	0	0	6	0	0	0	0	0	0	0	0	0	9	2	0	0	17	6	0	0	5	0	0	0	0	0	0	0	0
OTU_323	6	0	4	0	0	0	2	0	11	0	0	0	0	0	10	5	18	24	33	20	19	23	10	32	6	19	0	13	9	4	13	0	0	0	0	0	0	18	11	34	22
OTU_324	0	0	0	0	0	0	0	0	0	0	0	0	0	0	0	0	0	0	0	0	0	0	0	2	0	0	0	0	0	0	0	0	0	0	0	0	0	0	0	0	0
OTU_325	0	0	0	0	0	0	0	0	0	0	0	0	0	0	0	0	0	0	0	0	0	0	0	0	0	0	0	0	0	0	0	0	0	0	0	0	0	0	0	0	0
OTU_326	0	0	0	0	0	0	0	0	0	0	0	0	0	0	0	0	0	0	0	0	0	0	0	0	0	0	0	0	0	0	0	0	0	0	0	0	0	0	0	0	0
OTU_327	0	0	0	0	0	0	0	0	0	0	0	0	0	0	0	5	8	4	46	36	29	21	16	9	10	10	0	5	18	21	19	0	0	0	0	0	0	21	32	15	37
OTU_328	0	0	0	0	0	0	0	0	0	0	0	0	0	0	0	0	4	5	24	21	24	85	6	14	13	2	0	0	0	9	5	0	0	2	0	0	2	9	24	22	49
OTU_329	0	0	0	0	0	0	4	3	0	6	23	25	14	12	8	23	14	11	4	0	7	5	9	2	7	0	0	4	9	10	0	2	3	0	0	0	0	4	0	0	0
OTU_330	0	0	0	0	0	0	0	0	0	0	0	0	0	0	28	27	12	26	19	18	14	0	0	11	19	0	0	0	20	0	19	0	0	41	0	17	0	15	18	13	18
OTU_331	0	0	0	0	0	0	0	0	0	0	0	0	0	0	0	12	4	6	34	17	24	20	0	23	5	0	0	0	6	8	14	0	0	0	0	0	0	29	34	82	43
OTU_332	5	7	2	9	3	12	1	1	3	6	20	5	3	4	0	0	0	0	0	0	1	0	3	1	2	1	12	0	0	1	2	18	7	5	4	8	7	0	0	0	0
OTU_333	0	0	0	0	0	0	0	0	0	0	0	0	0	0	0	0	0	0	0	10	0	7	0	0	0	0	0	0	0	0	2	0	4	0	0	0	0	0	0	0	5
OTU_334	0	0	0	0	0	0	5	0	0	0	0	0	0	0	12	19	16	12	37	25	40	48	6	4	0	10	0	0	5	3	9	0	0	0	9	0	0	25	21	0	27
OTU_335	2	0	1	4	2	3	9	3	6	5	0	0	0	1	0	0	0	0	0	0	0	0	1	0	1	5	13	0	3	0	2	0	0	0	3	0	0	0	0	1	0
OTU_336	14	11	3	0	4	12	3	3	0	20	0	0	0	0	0	9	9	0	0	0	5	0	0	5	0	4	4	0	0	0	1	0	4	1	2	0	0	1	0	0	0
OTU_337	3	0	3	3	2	4	0	5	0	1	0	0	0	0	0	0	0	0	0	0	0	0	0	0	0	0	0	0	0	0	0	3	0	0	0	0	0	0	0	0	0
OTU_338	0	0	0	0	0	0	3	7	0	0	0	0	0	0	9	9	10	4	0	0	0	7	0	9	11	0	0	0	0	0	0	0	0	0	0	0	0	0	0	0	0
OTU_339	0	0	0	0	3	0	0	0	0	0	0	5	8	10	0	0	0	0	4	5	13	0	80	65	94	56	0	5	0	0	0	0	0	0	0	0	0	0	6	0	18
OTU_340	5	0	0	0	0	0	0	0	0	5	0	0	0	0	0	0	0	0	0	0	0	0	0	0	0	0	0	0	0	0	0	7	11	0	0	0	3	0	0	0	0
OTU_341	0	0	0	0	0	0	0	0	0	0	73	56	33	36	0	0	0	0	9	9	5	16	0	0	0	0	0	0	0	0	0	0	0	0	0	0	0	7	6	0	20
OTU_342	3	10	10	7	2	11	2	3	3	10	0	6	8	0	0	0	0	0	0	0	0	0	0	2	0	0	6	0	0	0	0	0	2	2	0	0	2	0	0	0	0
OTU_343	0	0	0	0	0	0	2	0	0	0	0	0	0	0	0	0	0	2	5	22	0	14	0	5	0	0	0	0	0	0	0	0	0	0	21	0	0	2	0	0	11
OTU_344	9	5	4	2	6	4	4	6	7	0	0	1	5	0	1	1	1	0	0	1	1	0	1	1	1	1	0	0	0	0	1	2	4	0	1	1	0	0	1	1	1
OTU_345	0	0	0	0	0	0	0	0	0	4	0	0	0	0	0	0	0	0	19	17	0	9	0	0	0	0	1	4	9	8	15	0	0	0	0	0	0	14	12	0	8
OTU_346	3	0	0	0	0	0	0	5	0	4	0	0	0	0	0	0	0	0	4	8	9	12	0	0	5	0	0	0	0	0	0	0	7	8	0	0	0	0	13	0	0
OTU_347	0	21	0	0	0	0	0	11	9	0	0	25	5	21	0	0	0	0	19	7	0	0	0	0	0	0	0	0	7	0	0	0	0	0	0	0	0	0	0	0	0
OTU_348	0	0	0	0	0	0	0	0	0	0	0	0	0	0	0	0	0	0	0	0	0	0	0	0	0	0	0	0	0	0	0	0	0	0	0	0	0	0	0	0	0
OTU_349	0	0	0	0	40	14	14	35	0	15	0	27	17	23	0	0	0	0	4	7	0	6	0	0	0	0	0	0	0	0	0	7	0	20	16	37	8	0	7	0	0
OTU_350	0	0	0	0	0	0	0	0	0	0	0	0	0	0	0	0	0	0	0	0	0	0	0	0	0	0	0	0	0	0	0	0	0	0	0	0	0	0	0	0	0
OTU_351	0	0	0	0	8	0	3	0	0	2	16	51	20	6	0	0	0	1	4	3	5	8	0	0	0	0	0	0	0	2	3	0	0	0	0	0	0	0	0	13	0
OTU_352	0	0	0	0	0	0	0	0	0	0	0	0	0	0	33	30	28	21	19	23	44	26	0	9	5	6	4	4	2	0	3	0	0	0	0	0	0	16	19	13	8
OTU_353	0	21	0	0	0	0	0	0	0	0	0	0	0	0	6	7	12	9	36	30	30	15	20	0	0	12	0	9	0	0	0	0	0	0	0	0	0	16	28	28	8
OTU_354	0	0	0	0	0	0	0	0	0	0	0	0	0	0	0	0	0	0	3	0	0	0	0	0	0	0	0	0	0	0	0	0	0	0	0	0	0	4	0	0	0
OTU_355	6	4	17	10	0	6	4	3	5	6	0	8	2	0	0	1	0	0	0	0	1	0	0	2	0	2	0	0	0	0	0	4	1	5	2	5	4	0	0	0	0
OTU_356	0	0	0	11	0	0	3	7	0	0	0	0	0	0	10	26	16	15	0	0	0	0	0	0	3	0	0	0	0	0	0	0	0	0	0	0	0	0	12	5	3
OTU_357	0	0	0	0	0	0	0	0	0	0	0	0	0	0	0	0	0	0	0	0	0	0	0	4	0	6	0	0	0	0	0	0	0	0	0	0	0	0	0	0	0
OTU_358	0	0	0	0	0	0	0	0	0	0	0	0	0	0	0	0	0	0	5	0	0	0	0	0	0	0	0	0	0	0	0	0	0	0	0	0	0	9	0	0	0
OTU_359	0	0	0	0	37	24	28	48	13	9	0	0	0	0	0	0	0	0	0	0	0	0	0	0	0	0	0	0	0	0	0	0	0	25	0	12	27	0	0	0	0
OTU_360	0	0	0	4	0	0	0	0	0	0	0	0	0	0	5	0	3	2	32	19	51	31	0	5	0	5	0	9	25	14	6	0	0	0	0	0	0	21	8	0	30
OTU_361	0	0	0	0	0	0	0	0	0	0	0	0	0	0	0	4	10	3	42	23	24	15	0	0	4	0	0	0	0	7	11	0	0	0	0	0	0	29	0	74	40
OTU_362	10	7	6	5	2	2	0	3	5	8	0	0	0	0	0	0	0	0	0	0	2	0	1	1	0	4	6	0	2	0	1	11	4	0	5	1	1	1	1	1	0
OTU_363	0	0	0	0	0	0	0	0	0	0	0	0	0	0	0	0	0	0	0	0	0	0	0	0	0	0	0	0	0	0	0	0	0	0	0	0	0	0	0	0	0
OTU_364	0	0	0	0	0	0	0	0	3	0	0	0	0	0	0	0	0	0	8	20	36	23	0	0	0	0	0	47	34	45	30	0	0	0	0	0	0	7	11	24	11
OTU_365	0	0	12	7	0	3	4	10	0	2	0	0	0	6	0	0	0	0	0	0	4	27	0	0	0	2	0	0	0	5	0	0	11	0	28	0	0	10	0	9	6
OTU_366	1	0	0	6	2	0	1	0	6	4	0	0	0	0	0	1	0	1	0	2	2	0	3	4	1	2	0	11	5	2	5	2	1	1	0	0	1	0	0	0	0
OTU_367	3	0	2	2	2	2	0	3	4	6	0	2	0	1	2	1	0	1	0	0	0	0	3	0	0	4	0	0	1	0	1	2	1	1	0	1	1	0	0	0	0
OTU_368	0	0	0	9	0	0	0	0	0	0	0	0	0	0	0	0	0	0	0	6	0	12	0	0	0	0	0	0	0	0	0	0	0	5	0	0	0	0	0	0	0
OTU_369	0	0	0	0	0	2	4	4	0	0	0	0	0	0	9	8	6	11	9	49	29	0	27	13	19	21	0	0	0	0	6	0	0	0	0	0	0	6	5	0	35
OTU_370	8	0	0	10	8	0	8	118	0	0	0	5	9	11	0	0	0	0	0	0	0	4	0	0	0	0	0	5	0	0	0	0	0	6	10	10	28	0	0	0	0
OTU_371	0	0	0	0	0	0	0	0	0	0	0	0	0	0	0	0	0	0	0	0	0	0	0	0	0	0	0	0	0	0	0	0	0	0	0	0	0	0	0	0	0
OTU_372	0	0	0	0	0	6	0	0	0	0	0	0	0	0	6	12	3	5	20	15	19	21	13	5	11	0	0	5	5	11	9	0	0	0	0	0	0	34	24	13	31
OTU_373	0	0	0	0	0	0	0	0	0	0	0	0	0	0	0	0	0	0	31	29	35	32	0	0	5	0	0	0	0	0	0	0	0	0	0	0	0	35	34	59	13
OTU_374	0	0	0	0	0	0	0	0	0	0	0	0	0	0	0	0	0	0	0	0	0	0	0	0	0	0	0	0	0	0	0	0	0	0	0	0	0	0	0	0	0
OTU_375	0	0	0	0	0	0	0	0	0	0	0	0	0	0	12	4	9	3	15	28	27	21	0	6	8	5	0	0	4	6	9	0	0	0	0	0	0	27	17	38	26
OTU_376	0	0	0	0	0	2	5	0	0	0	0	0	8	40	0	0	11	11	8	10	0	25	0	0	8	0	0	0	0	0	0	0	0	0	0	0	3	0	0	0	0
OTU_377	3	1	3	2	0	4	0	2	0	1	3	2	4	0	0	1	0	0	0	0	0	0	0	1	2	4	1	0	0	0	0	1	0	0	0	0	0	1	0	0	0
OTU_378	0	0	0	0	0	0	0	0	0	0	0	0	0	0	0	5	4	0	12	16	30	23	0	0	0	0	0	0	5	8	3	0	0	0	0	0	0	39	25	56	36
OTU_379	0	5	0	2	0	2	2	3	1	1	0	0	0	0	1	1	2	1	0	0	0	0	1	1	5	1	1	0	0	0	2	4	1	0	2	2	0	0	1	0	0
OTU_380	0	0	0	0	0	0	0	0	0	0	0	0	0	0	0	0	0	0	0	0	0	0	0	0	0	0	0	0	0	0	0	0	5	0	0	0	0	0	0	0	0
OTU_381	0	0	0	0	0	0	0	0	0	0	33	23	34	29	0	0	0	0	0	0	0	0	0	0	0	0	0	0	0	0	0	0	0	0	0	0	0	0	0	0	0
OTU_382	3	1	2	6	3	8	1	5	3	7	16	0	1	1	0	0	0	0	0	0	0	0	0	0	0	0	0	0	0	0	0	0	1	0	0	0	0	0	0	0	0
OTU_383	1	2	3	2	5	6	1	1	3	2	0	0	0	0	2	2	1	0	0	0	0	0	0	2	1	0	0	0	4	1	1	0	2	0	0	0	0	0	0	0	0
OTU_384	0	0	0	0	0	0	0	0	0	0	0	0	0	0	0	0	0	0	0	0	0	0	0	0	0	0	0	0	0	0	0	0	0	0	0	0	0	0	0	0	0
OTU_385	16	0	14	0	0	0	0	0	0	0	26	11	15	25	0	0	0	0	0	0	0	0	0	0	0	0	0	0	0	0	0	8	13	9	0	0	0	0	4	0	0
OTU_386	0	0	2	1	2	2	2	0	4	7	0	0	0	0	0	3	0	0	0	3	1	0	6	3	1	0	3	0	2	2	5	0	3	1	0	3	2	0	0	0	0
OTU_387	0	0	0	0	0	0	0	0	0	0	0	0	0	0	0	0	0	0	0	0	0	0	0	0	0	0	0	0	0	0	0	0	0	0	0	0	0	0	0	0	0
OTU_388	0	0	0	0	0	0	0	0	0	0	0	0	0	0	0	0	0	0	0	0	0	0	0	0	0	0	0	0	0	0	0	0	0	0	0	0	0	0	0	0	0
OTU_389	0	0	0	0	0	0	4	0	0	0	0	4	0	0	0	0	0	0	0	0	0	0	0	0	0	2	0	0	0	4	0	0	0	0	0	0	0	14	0	13	0
OTU_390	10	7	18	1	7	4	23	5	5	8	7	0	1	1	0	0	0	0	0	4	3	0	0	0	0	0	10	0	0	0	4	8	4	3	0	1	0	2	0	0	0
OTU_391	0	0	0	0	0	0	0	0	0	0	0	0	0	0	0	0	0	0	6	0	0	0	23	30	31	27	0	0	0	0	0	0	0	0	0	0	0	0	0	19	0
OTU_392	0	26	0	0	0	0	0	0	0	3	0	0	0	0	0	0	0	0	8	10	13	5	0	0	0	11	0	0	0	8	9	0	6	14	0	0	0	0	15	0	10
OTU_393	2	0	0	0	1	7	0	1	3	0	33	1	0	5	0	0	13	25	0	3	7	2	0	11	0	0	1	4	0	3	0	5	5	0	3	0	3	0	0	0	0
OTU_394	0	0	0	6	2	4	0	0	0	0	0	0	0	0	0	0	0	0	0	0	0	0	0	0	0	0	0	0	0	0	0	0	0	0	0	0	0	5	5	15	0
OTU_395	2	0	1	2	9	1	8	3	2	3	16	7	4	2	4	0	8	0	0	0	0	1	0	0	3	0	4	0	9	7	0	3	1	4	0	6	1	0	2	0	0
OTU_396	0	0	0	0	0	0	0	0	0	0	0	0	0	0	0	0	0	0	0	0	0	0	0	0	0	0	0	0	0	0	0	33	19	0	0	0	0	0	0	0	0
OTU_397	0	0	0	8	0	0	0	0	10	4	0	0	0	0	0	0	0	0	0	0	0	0	0	0	0	0	0	0	0	0	0	2	0	0	0	0	0	0	0	0	0
OTU_398	0	0	0	0	0	0	0	0	0	0	0	0	0	0	0	0	0	0	0	0	0	0	0	0	0	0	0	0	0	0	0	0	0	0	0	0	0	0	0	0	0
OTU_399	0	0	0	0	0	0	0	0	0	0	0	0	0	0	4	7	4	9	19	11	25	21	0	5	7	5	0	0	5	9	5	0	0	0	0	0	0	17	15	24	0
OTU_400	2	0	0	2	5	0	0	4	0	1	13	9	2	1	1	4	1	5	0	8	2	0	3	4	5	1	6	0	10	4	2	6	3	3	1	0	4	3	2	0	6
OTU_401	0	0	0	2	0	0	0	0	0	0	0	0	0	0	1	0	1	1	0	0	0	0	1	0	1	1	0	0	0	0	0	0	0	0	0	0	0	0	0	0	0
OTU_402	2	0	3	0	2	2	1	5	5	2	0	1	0	0	0	0	2	1	0	0	0	0	1	0	1	2	0	0	0	0	0	0	0	0	2	0	0	0	0	0	0
OTU_403	0	9	0	0	0	0	0	0	0	0	0	0	0	0	0	0	0	0	0	0	0	0	0	0	0	0	0	0	0	0	0	0	0	0	0	0	0	0	0	0	0
OTU_404	11	8	0	0	25	12	10	2	0	0	0	0	0	0	0	0	0	3	0	0	4	0	0	0	0	0	0	0	0	0	0	0	0	10	0	5	0	3	0	3	3
OTU_405	0	0	0	0	0	0	0	0	0	0	0	0	0	0	3	0	0	0	19	19	31	34	0	0	0	0	0	0	0	0	0	0	0	0	0	0	0	35	35	0	6
OTU_406	0	0	0	0	6	0	0	9	0	0	0	0	0	0	0	0	0	0	0	0	0	0	0	0	0	0	0	0	0	0	0	0	0	3	0	0	20	0	0	0	0
OTU_407	0	0	4	0	0	7	0	0	0	0	0	0	0	0	0	0	0	0	0	0	0	0	0	0	0	0	0	0	0	0	0	0	0	0	0	0	0	0	0	0	0
OTU_408	0	0	0	0	0	0	2	0	0	0	0	0	0	0	2	0	0	0	0	0	0	0	0	0	0	0	9	0	0	0	0	0	0	0	6	0	0	0	0	0	0
OTU_409	0	10	0	0	0	0	0	0	0	0	0	0	0	0	0	0	0	0	9	15	13	7	0	0	0	0	0	0	0	0	9	0	0	0	16	4	0	4	16	12	0
OTU_410	7	0	0	0	0	0	0	1	0	0	0	0	10	0	8	0	0	0	13	0	0	23	0	0	0	0	0	0	0	0	0	0	0	0	0	0	0	0	0	0	0
OTU_411	0	1	0	0	0	0	0	1	13	2	0	0	0	0	0	0	0	0	0	0	0	1	0	0	0	0	16	0	0	0	2	1	5	3	2	0	0	0	0	0	0
OTU_412	0	0	0	2	0	1	1	3	0	0	0	2	0	0	0	0	0	0	0	0	0	0	0	0	0	0	0	0	0	0	0	1	1	0	0	0	0	0	0	0	0
OTU_413	3	1	0	2	1	4	1	5	5	3	3	6	0	1	3	8	4	5	0	3	3	1	3	0	2	0	12	15	6	7	12	3	4	0	0	1	1	0	0	0	0
OTU_414	8	0	0	0	0	0	0	0	0	0	0	0	0	0	0	0	0	0	4	0	25	10	0	0	0	0	0	0	0	3	3	0	0	0	0	0	0	3	13	0	11
OTU_415	0	0	0	0	0	0	0	0	0	0	0	0	0	0	0	11	10	4	16	31	4	0	0	7	0	0	0	16	0	8	0	0	0	0	0	0	0	10	5	54	41
OTU_416	0	0	0	0	0	0	0	0	0	0	0	0	7	0	22	13	9	10	11	25	13	0	4	11	15	21	0	0	0	0	0	0	0	0	0	0	0	7	6	24	12
OTU_417	0	4	0	0	0	3	1	0	1	2	20	1	0	0	1	0	2	0	2	1	3	2	0	2	1	0	4	2	6	2	1	1	0	0	1	2	1	0	1	1	1
OTU_418	0	0	0	0	0	0	0	0	0	0	0	0	0	0	6	12	7	3	24	18	8	9	0	0	5	0	0	0	6	0	5	0	0	5	0	0	0	13	17	13	43
OTU_419	0	0	0	0	0	0	0	0	0	0	0	5	15	0	0	0	0	0	0	10	9	21	0	0	0	0	0	0	0	7	0	0	3	0	0	0	0	21	11	20	18
OTU_420	0	0	0	0	0	0	0	0	0	0	0	0	0	0	0	0	0	0	0	0	0	0	0	0	0	0	0	0	0	0	0	0	0	0	0	0	0	0	0	0	0
OTU_421	0	0	0	0	0	0	0	0	0	0	0	0	0	0	0	0	0	0	0	0	0	0	0	0	0	0	0	0	0	0	0	0	0	0	0	0	0	0	0	0	0
OTU_422	0	0	0	0	0	0	0	0	0	0	0	0	0	0	0	0	0	0	0	3	0	0	0	0	0	0	0	0	0	0	0	0	0	0	0	0	0	0	0	0	0
OTU_423	3	0	0	6	0	0	5	0	0	0	0	0	0	0	0	0	0	0	0	7	0	0	0	7	0	0	0	0	0	11	3	6	0	0	0	6	11	0	0	0	0
OTU_424	0	6	10	0	0	0	0	0	0	0	0	0	0	6	8	4	0	4	8	5	0	0	0	0	0	0	6	0	0	0	0	6	0	37	10	9	25	0	0	11	0
OTU_425	0	0	7	0	11	5	7	0	0	0	0	0	0	0	4	0	8	10	25	0	10	5	10	35	23	17	0	0	0	0	0	0	0	0	0	5	0	0	0	0	7
OTU_426	0	0	0	0	0	0	0	0	0	5	0	0	0	0	0	0	0	0	0	0	0	0	0	0	0	0	0	0	0	0	0	0	0	0	0	0	0	0	0	0	0
OTU_427	9	0	0	0	0	0	0	0	0	0	0	0	0	0	0	0	0	0	0	0	0	0	0	0	0	0	0	0	0	0	0	0	0	0	0	0	0	0	0	0	0
OTU_428	0	0	0	0	0	0	0	0	0	0	0	0	0	0	0	0	0	0	0	4	0	5	0	0	0	0	0	0	0	0	4	0	0	0	0	0	0	0	10	0	0
OTU_429	0	0	0	0	0	0	0	0	0	0	0	0	0	0	0	0	0	0	0	0	0	0	0	0	0	0	0	0	0	3	0	4	0	0	0	0	0	0	0	0	0
OTU_430	0	0	0	0	0	0	0	0	0	0	0	0	0	0	0	0	0	0	0	0	0	0	0	0	0	0	0	0	0	0	0	0	0	0	0	0	0	0	0	0	0
OTU_431	0	0	0	20	0	0	0	0	0	0	0	4	5	21	0	0	0	0	0	8	0	5	0	0	0	0	0	0	0	0	0	39	0	0	0	3	0	0	0	12	0
OTU_432	0	0	0	0	0	0	0	0	0	0	0	0	0	0	0	0	0	0	12	31	13	41	0	0	3	0	0	15	0	6	0	0	0	0	0	0	0	10	8	23	16
OTU_433	2	0	0	3	0	0	2	3	0	0	0	1	0	0	0	5	0	7	0	0	0	0	0	0	0	0	0	0	0	0	0	0	5	0	0	0	0	0	0	0	0
OTU_434	0	0	0	0	0	0	0	0	0	0	0	0	16	10	8	0	0	0	0	0	0	0	11	7	0	0	0	0	0	0	0	0	0	0	0	4	0	7	0	0	0
OTU_435	0	0	0	0	0	0	0	0	0	0	0	0	0	0	2	6	0	10	9	12	10	32	0	0	0	4	0	26	0	6	8	0	0	0	0	0	0	20	21	19	11
OTU_436	0	0	0	0	0	0	0	0	0	0	0	0	0	0	0	9	4	11	13	18	0	14	0	0	0	4	0	0	0	0	0	0	0	0	0	9	5	8	26	11	37
OTU_437	0	8	0	0	15	0	0	0	0	0	0	0	1	0	18	0	2	0	0	12	0	0	0	0	0	0	0	0	4	0	0	0	0	0	17	0	0	0	0	0	0
OTU_438	0	0	0	0	0	0	0	0	0	0	0	0	0	0	3	4	0	10	15	15	15	11	0	0	3	0	0	0	4	4	2	0	0	0	0	0	0	12	41	24	21
OTU_439	0	3	1	4	1	2	4	1	1	0	0	0	0	0	2	1	3	2	0	0	0	0	0	0	0	1	0	0	0	0	0	1	1	0	0	0	0	0	0	0	0
OTU_440	14	20	0	0	18	0	0	0	0	0	0	0	0	0	0	47	0	0	0	0	0	0	0	0	0	0	0	0	0	0	0	0	12	0	0	0	16	0	11	0	0
OTU_441	5	2	3	6	0	4	2	3	3	1	0	0	1	0	0	2	0	0	1	0	3	2	0	2	1	2	0	0	0	0	1	3	1	1	1	1	3	1	0	0	1
OTU_442	0	0	0	0	0	0	0	0	0	0	10	0	0	0	14	48	28	25	0	5	0	0	16	13	10	16	0	0	0	0	0	0	0	3	0	0	0	0	0	0	0
OTU_443	0	0	0	0	0	0	0	5	0	0	0	0	0	0	0	0	0	0	12	10	32	23	0	0	0	0	0	0	0	0	0	0	0	0	0	0	0	16	33	17	20
OTU_444	0	0	0	0	0	0	0	0	0	0	0	0	0	0	0	0	0	0	0	0	0	0	0	0	0	0	0	0	0	0	0	0	0	0	0	0	0	0	0	0	0
OTU_445	0	0	0	0	0	0	0	0	0	0	0	0	0	0	0	2	0	0	2	29	37	21	0	0	0	0	0	0	0	0	0	0	0	0	0	0	0	33	33	5	4
OTU_446	0	0	0	0	0	0	0	0	9	0	0	0	0	6	0	0	0	0	16	0	0	11	0	0	0	0	0	0	0	0	0	0	0	0	0	0	0	0	3	0	0
OTU_447	0	0	0	0	0	0	0	0	0	0	0	0	11	17	8	0	5	13	3	0	0	9	0	0	0	0	0	0	0	0	0	0	0	0	0	15	0	0	0	0	0
OTU_448	2	0	0	1	1	1	0	5	4	7	0	0	0	0	2	0	0	0	0	0	0	0	0	0	0	0	1	0	0	0	0	0	0	0	0	0	0	0	0	0	0
OTU_449	0	0	0	4	0	0	6	0	0	0	0	0	0	0	0	0	0	0	5	14	17	5	0	6	0	6	0	0	0	0	0	0	0	0	0	0	0	12	8	0	4
OTU_450	0	0	0	0	0	0	0	0	0	0	0	0	0	0	0	0	0	0	0	0	0	0	0	0	0	0	0	0	0	0	0	0	0	0	0	0	0	0	0	0	0
OTU_451	0	0	0	0	0	0	0	0	0	0	0	0	0	0	0	0	0	0	0	0	0	0	0	0	0	0	0	0	0	0	0	0	0	0	0	0	0	0	0	0	0
OTU_452	1	0	0	0	0	2	4	1	4	2	0	0	0	0	0	0	0	0	0	0	0	0	0	1	0	0	0	4	0	1	14	2	0	0	0	0	0	0	0	0	0
OTU_453	0	0	0	10	0	0	0	0	0	0	0	0	0	0	0	0	0	0	20	23	29	22	0	3	0	0	3	0	0	0	3	0	0	0	0	0	0	10	15	15	8
OTU_454	0	0	0	0	0	0	3	0	0	0	0	0	0	0	5	0	13	14	0	11	10	41	0	17	4	5	0	0	0	0	0	0	0	0	0	0	0	4	0	0	18
OTU_455	0	0	1	0	1	3	2	0	1	2	0	0	0	0	0	3	3	2	0	0	0	0	1	0	1	0	0	0	0	0	0	1	0	0	0	0	0	0	0	0	0
OTU_456	0	0	6	0	0	0	0	0	0	0	0	0	0	0	0	0	0	0	0	0	10	0	0	0	0	0	0	0	0	0	4	0	0	8	0	0	0	0	0	0	0
OTU_457	0	0	0	0	0	0	0	0	3	4	0	20	19	14	0	0	0	0	0	0	0	0	0	0	0	0	0	0	0	0	0	0	8	0	0	0	0	0	0	0	0
OTU_458	0	0	0	0	0	0	0	0	0	2	0	0	0	0	0	0	0	0	0	0	0	0	0	0	0	0	0	0	0	0	0	0	0	0	0	0	12	0	3	0	0
OTU_459	1	0	0	0	4	1	3	2	0	1	0	2	2	1	0	0	5	3	4	0	3	0	7	4	7	7	6	13	0	2	0	2	3	0	1	4	3	4	2	0	3
OTU_460	0	0	0	0	0	0	0	0	2	2	0	0	0	0	0	0	1	0	0	0	0	0	0	0	0	1	0	0	0	12	1	0	0	0	0	0	0	0	0	0	0
OTU_461	0	0	0	0	7	0	0	0	0	0	76	49	23	28	0	0	0	0	0	0	0	0	0	0	0	0	0	0	0	0	0	0	0	0	0	0	0	0	0	0	0
OTU_462	0	0	0	0	0	0	0	2	7	0	0	0	0	0	0	3	0	0	4	0	0	0	0	0	0	0	10	0	6	15	5	0	0	0	0	0	0	0	0	0	0
OTU_463	0	0	0	0	0	0	0	0	4	3	0	0	0	0	0	0	0	0	4	0	0	0	0	0	0	0	0	0	0	0	0	7	0	0	0	0	0	0	0	0	0
OTU_464	0	0	0	0	0	0	0	0	0	0	0	0	0	0	0	0	0	0	0	0	0	0	0	0	0	0	0	0	0	0	0	0	0	0	0	0	0	0	0	0	0
OTU_465	4	2	1	5	0	8	0	0	1	0	0	0	0	0	0	0	0	0	0	0	4	2	0	0	0	0	0	0	0	0	0	0	4	0	3	0	0	0	0	0	5
OTU_466	4	0	0	0	0	0	0	0	0	0	0	0	0	0	0	0	0	0	0	0	0	0	0	0	0	0	0	0	0	0	0	0	6	0	11	0	0	0	0	0	0
OTU_467	2	0	4	0	7	5	4	2	6	5	0	0	0	0	0	0	0	0	0	0	0	0	0	0	0	0	20	0	0	0	0	0	6	0	0	0	0	0	0	0	0
OTU_468	0	0	0	0	0	0	0	0	0	0	0	0	0	0	0	0	0	0	0	0	0	0	0	0	0	0	0	0	0	0	0	0	0	0	0	0	0	0	0	0	0
OTU_469	0	0	0	5	3	0	1	0	2	0	0	14	0	0	0	5	1	2	2	5	0	0	0	0	0	5	0	7	0	0	0	6	0	3	0	0	7	0	0	0	0
OTU_470	0	0	0	0	0	0	0	0	2	0	0	0	0	0	0	0	0	5	0	3	0	0	0	0	5	0	0	0	0	0	3	9	9	3	0	15	29	0	0	0	0
OTU_471	0	0	0	0	0	0	0	0	0	0	0	0	4	0	0	0	0	0	0	0	12	0	0	0	0	0	0	0	0	0	0	0	0	0	0	0	0	0	0	0	0
OTU_472	0	0	0	0	0	0	0	0	0	0	0	0	0	0	0	0	0	0	0	0	0	0	0	0	0	0	0	0	0	0	0	0	0	0	0	0	0	0	0	0	0
OTU_473	0	0	1	2	5	2	3	5	4	0	0	0	0	0	0	0	0	0	2	6	4	3	1	0	1	0	0	5	5	5	5	9	0	5	0	1	3	3	0	0	0
OTU_474	13	0	0	0	14	0	0	0	0	0	0	7	6	6	0	0	0	0	0	0	0	0	0	0	0	0	0	0	0	0	0	0	0	0	15	0	0	0	7	0	0
OTU_475	16	14	4	13	9	10	0	0	0	0	0	0	0	0	0	0	0	0	0	0	0	0	0	0	0	0	0	0	0	0	0	0	0	28	12	12	5	0	0	0	0
OTU_476	5	0	0	3	3	0	0	0	3	2	0	5	3	34	0	0	5	4	0	7	12	0	0	0	0	7	0	0	0	0	0	0	0	0	0	0	0	3	0	0	4
OTU_477	0	0	0	0	0	0	0	0	0	0	0	0	0	0	4	0	6	0	10	21	23	14	4	0	9	9	6	0	0	0	0	0	0	0	0	0	0	0	13	15	11
OTU_478	0	0	0	0	0	0	0	0	0	0	0	0	0	0	10	14	7	8	0	9	31	15	0	7	0	0	0	0	0	7	6	0	0	0	0	0	0	4	7	16	0
OTU_479	0	0	0	0	0	0	0	5	0	0	0	0	0	0	0	0	0	0	5	10	7	9	7	10	6	4	0	0	0	0	5	0	0	0	0	0	0	6	4	0	0
OTU_480	0	0	0	0	0	0	0	0	0	0	0	0	0	0	0	0	0	0	0	0	0	0	0	7	0	9	0	0	14	9	7	0	0	0	0	0	0	4	0	0	0
OTU_481	0	0	0	0	0	0	0	0	0	0	0	0	0	0	0	0	0	0	0	0	0	0	0	0	0	0	0	0	0	0	0	20	0	0	0	0	0	0	0	0	0
OTU_482	0	0	0	0	0	0	0	0	0	0	0	0	0	0	0	0	0	0	0	0	0	0	0	0	0	0	0	0	0	0	0	0	0	0	0	0	0	0	0	0	0
OTU_483	0	0	0	0	0	0	0	0	0	0	0	0	0	0	0	0	0	0	12	9	24	5	0	0	0	0	0	0	0	0	0	0	0	3	0	0	0	10	10	22	41
OTU_484	0	0	0	0	4	17	0	0	0	0	0	0	0	0	3	6	6	7	0	0	7	0	23	31	18	7	0	0	0	0	0	0	0	0	0	0	0	0	0	0	0
OTU_485	0	0	0	0	0	0	0	0	0	0	0	0	0	0	0	0	0	0	0	0	0	0	0	0	0	0	0	0	0	0	0	0	0	0	0	0	0	0	0	0	0
OTU_486	0	0	0	0	0	3	0	0	0	0	0	0	0	0	6	5	2	0	4	5	14	8	14	13	19	19	0	5	0	0	0	0	0	0	0	0	0	4	0	5	14
OTU_487	0	0	0	0	0	0	0	0	0	0	0	0	0	0	0	0	0	0	0	0	0	0	0	0	0	0	0	0	0	0	0	0	0	0	0	0	0	0	0	0	0
OTU_488	0	1	0	0	4	0	3	2	0	0	0	2	1	0	3	7	12	5	3	3	7	0	6	4	2	5	0	7	3	5	6	0	1	5	0	3	2	5	2	0	2
OTU_489	0	0	0	0	0	0	0	0	9	9	0	0	0	0	0	0	0	0	10	0	0	0	0	0	0	0	0	0	0	0	0	8	0	5	0	0	0	0	0	0	0
OTU_490	0	3	0	0	0	4	0	1	2	5	13	0	0	3	0	0	0	0	0	0	5	2	9	0	8	0	0	0	0	0	11	0	0	0	3	2	0	2	0	0	0
OTU_491	0	0	0	0	0	0	0	0	0	0	0	0	0	0	2	5	0	0	4	0	19	6	6	8	6	7	0	0	0	0	0	0	0	0	0	0	0	0	0	8	0
OTU_492	1	0	0	1	0	0	2	0	0	0	3	4	0	0	0	0	0	0	0	2	0	1	0	0	2	2	3	0	2	2	1	1	0	0	0	0	1	0	0	0	0
OTU_493	0	0	0	0	5	0	0	0	0	0	0	0	0	0	0	0	0	0	0	0	0	0	0	0	0	0	6	0	34	4	0	0	0	7	0	0	0	0	0	0	0
OTU_494	0	0	0	1	4	0	0	3	0	1	0	0	0	0	0	7	2	0	3	3	2	0	10	4	8	12	0	24	6	5	14	1	1	1	0	2	5	4	2	1	1
OTU_495	0	1	1	0	0	1	2	3	1	0	0	5	2	1	0	2	0	0	0	0	1	1	3	2	5	0	3	0	8	3	2	0	1	3	0	1	1	1	0	0	0
OTU_496	0	0	0	0	0	0	0	0	0	0	0	0	0	0	0	0	0	0	0	0	0	4	0	0	0	0	0	0	0	0	0	0	0	0	0	15	0	0	0	0	0
OTU_497	0	18	7	0	0	0	0	0	0	3	0	0	0	0	0	0	0	0	0	0	6	0	10	4	4	12	16	0	0	5	0	0	0	0	0	0	4	4	0	0	0
OTU_498	0	0	0	0	0	0	0	0	0	0	0	0	0	0	0	0	0	0	0	0	0	0	0	0	0	0	0	0	0	0	0	0	0	0	0	0	0	0	0	0	0
OTU_499	3	0	0	5	0	0	2	2	0	0	0	0	0	0	0	0	0	0	0	0	0	0	0	1	0	0	4	4	0	1	2	0	0	1	1	1	2	0	0	0	0
OTU_500	0	0	0	0	0	0	0	0	0	0	0	0	0	0	0	0	0	0	19	11	14	7	0	0	0	0	0	0	0	0	0	0	0	0	0	0	0	27	11	12	22
OTU_501	0	0	0	0	1	0	0	0	0	0	0	0	0	0	0	0	0	0	0	0	0	0	0	0	4	0	0	0	0	0	0	0	0	0	0	0	0	0	0	0	0
OTU_502	8	0	1	4	2	4	4	2	4	5	0	0	0	0	0	0	0	1	0	0	1	0	0	0	0	0	0	0	0	0	0	0	0	3	2	0	0	0	0	0	0
OTU_503	0	0	0	0	0	0	0	0	0	0	0	0	0	0	0	0	0	0	0	0	0	0	0	0	0	0	0	0	0	0	0	0	0	0	0	0	0	0	0	0	0
OTU_504	0	0	0	0	0	0	0	0	0	0	0	0	0	0	3	8	0	12	0	0	10	15	7	14	5	11	0	0	3	7	0	0	0	0	0	0	0	9	4	20	4
OTU_505	0	0	0	0	0	0	0	0	0	0	0	0	6	0	0	0	0	0	0	0	0	0	0	0	0	0	0	0	0	0	0	0	0	0	0	0	0	0	0	0	0
OTU_506	0	0	0	0	0	0	0	0	0	0	0	0	0	0	0	0	0	0	0	0	0	0	0	0	0	0	0	0	0	0	0	0	0	0	0	0	0	0	0	0	0
OTU_507	0	0	0	0	0	0	0	5	0	4	0	0	4	0	0	0	0	0	0	0	0	0	0	3	6	0	0	0	0	0	0	0	9	0	0	0	0	0	0	0	0
OTU_508	1	0	1	1	7	3	1	4	1	0	3	5	2	3	1	4	1	3	1	4	2	2	7	4	4	5	6	22	4	0	2	2	0	2	0	3	0	3	2	0	2
OTU_509	13	8	6	24	8	0	0	2	0	8	16	0	15	8	0	0	0	0	0	0	0	0	0	0	0	0	0	0	0	0	0	0	0	9	0	8	3	0	0	0	0
OTU_510	0	0	0	0	0	0	9	0	0	0	0	0	0	0	0	0	0	0	8	6	29	0	0	3	0	0	9	0	5	5	2	0	0	0	0	0	0	15	0	0	10
OTU_511	0	0	1	2	0	0	1	0	1	3	0	4	2	1	0	0	0	0	0	0	0	0	0	2	0	0	0	0	0	0	1	0	0	0	0	0	0	0	0	0	0
OTU_512	0	0	0	0	0	0	0	0	0	0	0	0	0	0	0	3	0	3	12	19	36	14	0	0	0	0	4	0	0	0	0	0	0	0	0	0	0	0	12	8	7
OTU_513	0	0	0	0	0	0	0	0	0	0	0	0	0	0	0	0	0	0	0	0	0	0	0	0	0	0	0	0	0	0	0	0	0	0	0	0	0	0	0	0	0
OTU_514	0	0	0	0	0	0	0	0	0	0	0	0	0	3	0	0	6	0	7	0	0	4	4	0	0	0	0	0	0	0	0	0	0	7	0	0	0	0	0	0	0
OTU_515	2	0	3	1	0	2	0	2	1	3	0	5	0	0	0	0	0	0	0	0	0	0	0	0	0	0	0	0	0	0	0	0	0	0	0	1	0	0	0	0	0
OTU_516	2	0	0	0	1	3	0	0	1	5	0	5	0	0	0	1	0	0	0	1	0	0	0	0	0	0	3	2	0	1	0	3	0	0	0	0	0	0	0	0	1
OTU_517	0	0	0	0	0	0	0	0	0	0	0	0	0	0	0	6	0	3	10	19	6	10	6	0	3	4	0	0	7	0	2	0	0	0	0	0	0	12	0	5	22
OTU_518	0	0	0	0	0	0	0	0	0	0	0	0	6	9	0	0	0	0	0	0	0	0	0	0	0	0	0	0	0	7	5	0	0	0	0	0	0	0	0	0	0
OTU_519	0	0	2	0	2	2	1	1	3	1	0	0	1	0	1	1	6	3	0	0	0	0	0	2	1	0	0	0	1	0	0	4	4	0	0	0	0	0	0	0	0
OTU_520	1	0	1	3	0	4	0	1	4	0	3	0	2	0	0	0	0	0	0	0	1	0	7	3	0	0	3	0	1	0	3	1	0	0	0	0	0	1	0	0	0
OTU_521	0	0	0	0	0	0	0	0	0	0	0	0	0	0	0	0	0	0	0	0	0	0	0	0	0	0	0	0	0	0	0	0	0	0	0	0	0	0	0	0	0
OTU_522	0	0	0	1	2	3	0	0	0	2	0	2	1	1	2	0	0	0	0	1	2	0	4	0	0	0	4	0	0	0	0	0	0	2	0	0	3	0	0	0	0
OTU_523	0	0	3	0	4	2	4	0	1	3	33	9	11	9	0	0	1	0	0	0	0	0	4	0	0	0	0	0	0	1	1	2	0	0	2	0	0	0	0	0	0
OTU_524	0	0	13	0	6	13	1	2	0	4	0	0	0	0	0	0	0	0	0	0	0	0	0	0	0	0	4	0	0	0	1	0	0	0	0	0	0	0	0	0	0
OTU_525	0	0	0	3	2	1	1	0	1	1	3	5	0	4	0	0	0	0	0	0	0	0	0	0	0	0	3	0	0	1	1	0	4	0	0	0	1	0	0	0	0
OTU_526	0	0	0	0	0	0	0	0	0	0	0	0	0	0	0	0	0	0	12	17	23	0	10	2	0	0	0	0	18	9	0	0	0	0	0	0	0	9	5	0	7
OTU_528	3	4	3	4	1	0	0	3	0	0	0	0	0	0	0	0	0	0	0	0	0	0	0	0	0	0	6	0	0	0	0	0	2	0	0	0	0	0	0	0	0
OTU_529	0	0	0	0	0	0	0	0	0	0	0	8	11	5	0	0	0	0	0	0	0	0	0	0	0	0	4	0	0	0	3	16	11	0	0	0	0	0	0	0	0
OTU_530	0	0	0	0	0	0	0	0	0	0	0	0	0	0	0	0	0	0	0	0	0	0	0	0	0	0	0	0	0	0	0	0	0	0	0	0	0	0	0	0	0
OTU_531	0	0	0	0	0	0	0	0	0	0	0	0	0	0	0	0	0	0	0	0	0	0	0	0	0	6	0	0	0	0	0	0	0	0	0	0	0	0	0	0	0
OTU_532	0	0	0	1	2	0	2	0	0	4	0	0	0	0	0	0	0	1	1	0	0	0	0	0	0	0	0	4	0	1	2	3	1	1	0	1	3	0	0	0	0
OTU_533	0	0	0	0	0	0	0	0	0	0	0	0	0	0	0	0	0	0	0	0	0	0	0	0	0	0	0	0	0	0	0	0	0	0	0	0	0	0	0	0	0
OTU_534	0	2	0	0	1	1	1	0	1	0	0	2	0	0	0	3	0	0	0	0	0	0	0	1	0	0	0	0	0	0	0	0	0	0	0	0	0	0	0	0	0
OTU_535	1	0	2	2	1	2	1	0	4	7	0	1	1	0	0	0	0	0	0	0	0	0	0	0	0	0	3	0	0	0	0	1	1	0	0	0	0	0	0	0	0
OTU_536	0	11	3	1	2	2	1	0	1	0	0	0	0	0	0	1	1	2	0	0	1	0	1	3	0	0	4	0	1	1	0	2	0	0	0	0	0	0	0	0	0
OTU_537	0	0	7	0	0	0	0	0	7	0	0	0	0	0	0	0	0	0	0	0	0	0	0	0	0	0	0	0	0	0	0	0	0	0	0	0	0	0	0	0	0
OTU_538	0	0	0	0	0	6	0	0	0	0	0	0	0	0	0	3	0	0	14	18	5	0	0	0	0	0	0	0	0	0	0	0	0	0	0	0	0	8	15	30	15
OTU_539	0	0	0	0	0	0	0	0	0	0	0	0	0	0	0	0	0	0	0	0	0	0	0	0	0	0	0	0	0	0	0	0	0	0	0	0	0	0	0	0	0
OTU_540	0	0	0	0	0	0	0	0	0	0	0	0	0	0	0	5	5	0	0	0	0	0	0	4	0	0	0	20	0	6	0	0	0	0	0	0	0	10	0	0	0
OTU_541	1	0	0	3	3	1	1	0	2	0	0	0	0	0	0	0	0	1	0	0	0	0	0	7	0	0	1	0	0	2	4	3	1	0	3	0	0	0	0	0	0
OTU_542	0	0	0	0	0	0	0	0	0	0	0	0	0	0	0	0	0	2	5	21	20	0	0	0	0	0	0	0	0	0	0	0	0	0	0	0	0	4	6	15	32
OTU_543	0	0	0	0	0	0	0	0	0	0	0	0	0	0	0	0	0	0	16	16	21	0	0	0	0	0	0	0	0	0	0	0	0	0	0	0	0	19	26	0	4
OTU_544	0	0	0	0	0	0	0	0	0	0	13	13	16	5	0	0	0	0	0	0	0	0	0	0	0	0	0	0	0	0	0	12	0	0	0	0	0	0	0	0	0
OTU_545	3	1	0	3	0	2	3	2	1	3	3	0	0	0	0	0	4	0	1	0	1	1	0	0	0	0	3	0	1	0	0	0	0	0	1	1	0	0	0	0	0
OTU_546	0	0	0	0	0	0	0	1	0	1	0	0	0	0	1	0	1	0	0	0	0	0	1	0	0	0	0	0	0	0	0	0	0	0	0	0	0	0	0	0	0
OTU_547	0	0	0	0	0	0	0	0	0	0	0	0	0	0	0	0	0	0	0	0	0	0	0	0	0	0	0	0	0	0	0	0	0	0	0	0	0	0	0	0	0
OTU_548	0	0	0	0	0	0	0	0	0	0	0	0	0	0	0	0	0	0	0	0	0	0	0	0	0	0	0	0	0	0	0	0	0	0	0	0	0	0	0	0	0
OTU_549	0	0	0	0	7	0	2	5	7	6	3	2	0	0	0	4	0	0	0	0	0	0	6	4	1	1	1	7	0	12	0	2	0	1	0	0	0	0	0	0	0
OTU_550	0	0	0	0	2	0	0	0	0	0	0	0	0	0	0	0	0	7	4	12	12	28	0	5	0	0	0	0	0	0	0	0	0	0	0	0	0	16	5	0	0
OTU_552	4	3	2	6	2	2	3	0	0	1	0	0	4	1	3	1	3	1	0	0	0	0	0	0	3	0	0	0	1	0	0	2	1	0	0	0	0	0	0	0	0
OTU_553	0	0	0	0	0	0	0	0	0	0	0	0	0	0	0	0	0	0	0	0	0	0	0	0	0	0	0	0	0	0	0	0	6	0	0	0	0	0	0	0	0
OTU_554	0	1	1	2	4	0	2	2	0	2	7	6	1	1	1	2	5	0	0	0	0	0	1	0	0	0	0	0	0	0	0	0	0	1	0	0	0	0	0	0	0
OTU_555	5	1	0	0	0	4	7	5	0	1	13	0	0	0	0	0	0	0	0	0	1	0	4	2	0	0	0	0	0	0	5	0	4	0	1	2	0	1	0	0	0
OTU_556	0	0	0	3	4	1	1	4	4	0	0	0	0	1	0	0	0	0	0	4	1	0	0	3	0	2	1	0	0	4	0	6	0	0	0	0	0	0	0	0	0
OTU_557	0	0	0	0	0	0	0	0	0	0	0	0	0	0	0	0	0	0	0	0	0	0	0	0	0	0	0	0	0	0	0	0	0	0	0	0	0	0	0	0	0
OTU_558	1	0	0	1	2	1	1	1	4	0	0	0	1	0	0	0	0	0	0	0	0	0	0	0	0	0	0	0	0	0	1	0	0	0	0	0	0	0	0	0	0
OTU_559	0	0	0	0	0	0	0	0	0	0	0	0	0	7	4	1	0	0	3	2	0	0	4	0	0	0	0	4	15	9	0	0	0	0	0	0	0	2	7	0	0
OTU_560	0	0	0	0	0	0	0	0	0	0	0	0	0	0	0	0	0	0	0	0	0	0	0	0	0	0	0	0	0	0	0	0	0	0	0	0	0	0	0	0	0
OTU_561	0	0	0	0	0	0	0	0	0	0	0	0	0	0	0	5	0	3	18	4	5	3	3	4	7	7	0	0	0	0	0	0	0	0	0	0	0	2	0	20	17
OTU_562	0	0	0	0	0	0	0	0	0	0	0	0	0	0	0	0	0	0	0	0	0	0	0	0	0	0	0	0	0	0	0	0	0	7	6	10	0	0	0	0	0
OTU_563	0	6	0	1	0	0	0	0	1	0	0	0	0	0	0	0	0	1	0	1	0	0	0	0	0	0	10	0	0	0	0	0	0	0	0	0	0	0	0	0	0
OTU_564	1	3	0	1	4	2	1	5	5	1	3	4	0	0	0	0	0	0	2	2	7	1	0	0	0	0	6	0	0	0	2	2	2	2	0	2	1	1	0	1	0
OTU_565	0	0	0	0	0	0	0	0	9	0	0	0	5	0	0	0	0	3	0	0	0	4	0	0	0	0	0	0	0	0	0	0	0	0	0	0	0	0	0	0	0
OTU_566	0	0	0	0	0	0	0	0	0	0	0	0	0	0	0	0	0	0	0	0	0	0	20	24	31	27	0	0	0	0	0	0	0	5	0	0	0	0	0	0	0
OTU_567	0	0	0	0	0	0	0	0	0	0	0	0	0	0	0	0	0	0	0	0	0	0	0	0	0	0	0	0	0	0	0	0	0	0	0	0	0	0	0	0	0
OTU_568	0	0	0	0	0	0	0	0	0	0	0	0	0	0	0	0	0	0	8	0	0	0	0	0	0	0	0	0	0	0	0	0	0	0	0	0	0	0	0	0	0
OTU_569	0	0	0	0	3	0	0	2	0	1	0	1	0	1	0	0	0	0	1	1	0	0	0	0	0	0	0	0	1	1	0	0	2	0	0	0	0	1	0	0	0
OTU_570	0	3	3	0	0	4	0	2	0	0	3	0	0	0	0	0	0	0	0	0	0	0	0	2	0	0	0	4	0	1	2	10	1	0	1	0	0	0	0	0	0
OTU_571	3	1	0	1	0	0	2	0	3	0	3	2	1	0	0	0	0	0	0	0	0	2	1	4	0	1	0	0	0	0	1	0	0	1	1	0	1	0	0	0	0
OTU_572	0	8	0	0	0	0	0	0	0	0	0	0	0	0	0	0	0	0	0	13	21	0	0	0	3	6	0	9	17	5	0	0	0	0	0	0	0	6	0	4	5
OTU_573	0	0	0	0	0	0	0	0	0	2	0	0	0	0	0	0	0	0	0	0	0	0	0	0	0	0	0	0	0	0	0	0	0	0	0	0	0	0	0	0	0
OTU_574	1	1	0	0	0	1	0	1	3	1	0	0	0	0	2	0	1	0	0	0	0	0	0	1	0	1	0	4	0	0	1	2	0	0	0	1	1	0	0	0	0
OTU_575	0	0	0	0	0	0	1	1	2	0	0	1	0	0	1	2	1	3	1	6	2	0	0	2	0	1	1	0	1	1	1	0	0	0	1	0	0	0	0	0	0
OTU_576	0	0	0	0	0	0	0	0	0	0	0	0	0	0	0	0	0	0	0	0	0	0	0	0	0	0	0	0	0	0	0	0	0	0	0	0	0	0	0	0	0
OTU_578	0	0	0	0	0	0	0	0	0	0	0	0	0	0	0	0	0	0	0	0	0	0	0	0	0	0	0	0	0	0	0	0	0	0	0	0	0	0	0	0	0
OTU_579	0	0	0	0	0	0	0	0	0	0	0	0	0	0	0	0	0	0	0	0	0	0	0	0	0	0	0	0	0	0	0	0	0	0	0	0	0	0	0	0	0
OTU_580	0	0	0	0	0	0	0	0	0	0	0	0	0	0	0	0	0	0	4	7	13	4	0	0	0	0	0	0	0	5	7	0	0	0	0	0	0	7	12	16	11
OTU_581	0	0	1	2	2	0	1	0	0	0	3	6	1	0	2	0	0	0	0	0	6	0	3	1	2	2	0	4	0	3	17	0	3	3	2	0	0	0	0	0	3
OTU_582	0	0	0	0	0	0	0	0	0	0	0	0	0	0	0	0	0	0	0	0	0	0	0	0	0	0	0	0	0	0	0	0	0	0	0	0	0	0	0	0	0
OTU_584	0	0	0	0	0	0	0	0	0	0	0	0	0	0	0	0	0	0	0	0	0	0	0	0	0	0	0	0	0	0	0	0	0	0	0	0	0	0	0	0	0
OTU_585	0	2	0	2	0	0	0	0	2	5	0	0	0	1	0	0	0	0	0	0	0	0	0	0	0	0	0	0	0	0	0	0	0	2	0	0	0	0	0	0	0
OTU_586	0	0	0	0	0	0	0	0	0	0	0	0	0	0	0	0	0	0	0	0	0	0	0	0	0	0	0	0	0	0	0	0	0	0	0	0	0	0	0	0	0
OTU_587	1	4	4	1	2	1	2	0	0	1	0	1	0	2	1	2	0	0	0	0	3	2	1	1	0	2	3	0	0	0	0	0	0	5	0	2	3	0	0	0	0
OTU_588	0	0	0	0	0	0	0	0	0	0	20	22	35	23	0	0	0	0	0	0	0	0	0	0	0	0	0	0	0	0	0	0	0	0	0	0	0	0	0	0	0
OTU_590	0	0	0	0	2	0	1	0	2	1	0	0	0	0	0	0	0	1	2	1	0	0	0	0	1	2	1	0	2	0	0	0	0	0	0	0	0	0	0	0	0
OTU_592	0	0	0	0	0	0	0	0	0	0	0	0	0	0	0	0	0	0	0	0	0	0	0	0	0	0	0	0	0	0	0	0	0	0	0	0	0	0	0	0	0
OTU_593	0	0	0	0	0	0	0	0	0	0	0	0	0	0	0	0	0	0	7	9	0	9	0	0	0	4	0	0	0	0	0	4	4	0	0	0	0	0	6	28	0
OTU_594	0	0	6	0	0	5	0	0	1	0	3	0	0	0	0	0	0	0	0	0	0	0	0	0	0	0	3	0	0	0	0	1	3	0	0	0	0	0	0	0	0
OTU_595	0	0	0	0	3	1	0	2	2	1	0	0	0	0	2	1	0	0	2	1	8	0	3	3	1	5	0	5	0	2	4	0	0	0	0	0	0	1	0	0	1
OTU_596	0	7	0	0	0	0	0	0	0	0	0	4	0	0	0	0	2	0	0	3	0	0	0	9	0	0	0	4	0	0	0	0	4	2	0	4	0	0	0	0	0
OTU_598	1	0	0	0	3	6	0	8	4	0	23	0	0	2	0	0	0	0	0	0	2	0	0	1	0	0	1	0	0	0	0	3	2	0	0	1	0	0	0	0	0
OTU_599	0	0	0	0	0	0	0	0	2	0	0	0	0	0	0	0	0	0	0	0	0	0	0	0	0	0	3	0	0	0	0	4	0	0	0	0	0	0	0	0	0
OTU_603	0	0	0	0	0	0	0	0	0	1	0	0	0	0	0	0	0	0	0	0	0	0	0	0	0	0	0	0	0	0	0	0	0	0	0	0	0	0	0	0	0
OTU_605	0	0	0	0	0	0	0	0	0	0	0	0	0	0	0	0	0	0	0	0	0	0	0	0	0	0	0	0	0	0	0	0	0	0	0	0	0	0	0	0	0
OTU_607	0	0	0	0	0	0	0	0	0	0	0	0	0	0	0	0	0	0	0	0	0	0	0	0	0	0	0	0	0	8	7	0	0	0	0	0	0	0	0	0	0
OTU_614	0	0	0	0	0	0	0	0	0	0	0	0	0	0	0	0	0	0	0	0	0	0	0	0	0	0	0	0	0	0	0	0	0	0	0	0	0	7	0	0	0
OTU_626	0	0	0	0	0	0	0	0	0	0	0	0	0	0	0	0	0	0	0	0	0	0	0	0	0	0	0	0	0	0	0	0	0	0	0	0	0	0	0	0	0
OTU_642	0	0	0	0	0	0	0	0	0	0	0	0	0	0	0	0	0	0	0	0	0	0	0	0	0	0	0	0	0	0	0	0	0	0	0	0	0	0	0	0	0
OTU_651	0	0	0	0	0	0	0	0	0	0	0	0	0	0	0	0	0	0	0	0	0	0	0	0	0	0	0	0	0	0	0	0	0	0	0	0	0	0	0	0	0
OTU_663	0	0	0	0	0	0	0	0	0	0	0	0	0	0	0	0	0	0	0	0	0	0	0	0	0	0	0	0	0	0	0	0	0	0	0	0	0	0	0	0	0
OTU_680	0	0	0	0	0	0	0	0	0	0	0	0	0	0	0	0	0	0	0	0	0	0	0	0	0	0	0	0	0	0	0	0	0	0	0	0	0	0	0	0	0
OTU_714	1	2	4	0	0	0	0	0	0	0	20	0	0	0	0	0	0	0	0	2	0	1	0	0	0	0	0	0	0	0	0	0	0	0	0	0	0	0	1	1	1
