"feature"	"enrich_group"	"ef_lda"	"pvalue"	"padj"
"marker1"	"Oceanospirillales/Nitrincolaceae/OTU_3/OTU_3"	"BSBW core"	4.91453813192602	3.90688144426879e-12	3.90688144426879e-12
"marker2"	"Rhodobacterales/Rhodobacteraceae/Amylibacter/OTU_18"	"BSBW core"	4.33809912187559	6.78971219080498e-08	6.78971219080498e-08
"marker3"	"Micrococcales/Microbacteriaceae/ML602J-51/OTU_54"	"BSBW core"	3.96800164721742	1.31068680314569e-13	1.31068680314569e-13
"marker4"	"Chloroplast/OTU_67/OTU_67/OTU_67"	"BSBW core"	3.86490150196515	1.97902678057376e-10	1.97902678057376e-10
"marker5"	"Flavobacteriales/NS9 marine group/OTU_16/OTU_16"	"BSBW core"	3.83386215302962	1.33137412605703e-08	1.33137412605703e-08
"marker6"	"Flavobacteriales/NS9 marine group/OTU_51/OTU_51"	"BSBW core"	3.80554589480395	2.44038083210344e-08	2.44038083210344e-08
"marker7"	"Flavobacteriales/Flavobacteriaceae/Aurantivirga/OTU_43"	"BSBW core"	3.72059487609036	6.44951174925396e-06	6.44951174925396e-06
"marker8"	"Cytophagales/Cyclobacteriaceae/Marinoscillum/OTU_42"	"BSBW core"	3.68870074039366	2.95845756117e-09	2.95845756117e-09
"marker9"	"Flavobacteriales/Cryomorphaceae/OTU_44/OTU_44"	"BSBW core"	3.61769243694794	2.93548243979622e-10	2.93548243979622e-10
"marker10"	"Chloroplast/OTU_39/OTU_39/OTU_39"	"BSBW core"	3.61071325461723	0.000213008016411817	0.000213008016411817
"marker11"	"Chloroplast/OTU_96/OTU_96/OTU_96"	"BSBW core"	3.56929352592229	2.0787092930422e-09	2.0787092930422e-09
"marker12"	"Thiomicrospirales/Thioglobaceae/SUP05 cluster/OTU_12"	"CDW core"	4.4552902830761	4.18559624997866e-12	4.18559624997866e-12
"marker13"	"SAR86 clade/OTU_23/OTU_23/OTU_23"	"CDW core"	4.09347878495312	1.91480990763417e-11	1.91480990763417e-11
"marker14"	"Cellvibrionales/Porticoccaceae/SAR92 clade/OTU_17"	"CDW core"	4.03331373217414	3.45014706453234e-10	3.45014706453234e-10
"marker15"	"SAR11 clade/OTU_29/OTU_29/OTU_29"	"CDW core"	3.96940513744218	7.42974998083071e-12	7.42974998083071e-12
"marker16"	"OTU_47/OTU_47/OTU_47/OTU_47"	"CDW core"	3.93525604984996	6.24945658170694e-12	6.24945658170694e-12
"marker17"	"Cellvibrionales/Spongiibacteraceae/Sinobacterium/OTU_33"	"CDW core"	3.92362266146457	1.68970359008701e-08	1.68970359008701e-08
"marker18"	"OTU_53/OTU_53/OTU_53/OTU_53"	"CDW core"	3.85951114995817	4.20759256141585e-13	4.20759256141585e-13
"marker19"	"Verrucomicrobiales/Rubritaleaceae/Roseibacillus/OTU_60"	"CDW core"	3.7870121531327	7.59505530877804e-12	7.59505530877804e-12
"marker20"	"SAR11 clade/Clade II/OTU_41/OTU_41"	"CDW core"	3.76987211353987	5.03919875434103e-11	5.03919875434103e-11
"marker21"	"Cellvibrionales/Porticoccaceae/SAR92 clade/OTU_58"	"CDW core"	3.76422403165821	6.31970206903705e-12	6.31970206903705e-12
"marker22"	"Rhodobacterales/Rhodobacteraceae/OTU_56/OTU_56"	"CDW core"	3.7160290545472	4.93366172290492e-11	4.93366172290492e-11
"marker23"	"Nitrosococcales/Methylophagaceae/OTU_34/OTU_34"	"CDW core"	3.64211557105219	1.39240001821735e-05	1.39240001821735e-05
"marker24"	"Oceanospirillales/Pseudohongiellaceae/Pseudohongiella/OTU_57"	"CDW core"	3.6251605543374	1.02443792714466e-12	1.02443792714466e-12
"marker25"	"Alteromonadales/Colwelliaceae/Colwellia/OTU_85"	"CDW core"	3.53214253168702	4.10340615713348e-13	4.10340615713348e-13
"marker26"	"Flavobacteriales/Flavobacteriaceae/OTU_8/OTU_8"	"CDW+BSBW core"	4.29188166302633	2.84878960743062e-09	2.84878960743062e-09
"marker27"	"Flavobacteriales/NS9 marine group/OTU_13/OTU_13"	"CDW+BSBW core"	4.21665590470034	3.84493987269884e-13	3.84493987269884e-13
"marker28"	"Flavobacteriales/Flavobacteriaceae/NS5 marine group/OTU_20"	"CDW+BSBW core"	4.05893847086726	1.77416772993674e-12	1.77416772993674e-12
"marker29"	"Alteromonadales/Pseudoalteromonadaceae/Pseudoalteromonas/OTU_9"	"CDW+BSBW core"	3.75949839712056	0.000643116825271778	0.000643116825271778
"marker30"	"Chitinophagales/OTU_49/OTU_49/OTU_49"	"CDW+BSBW core"	3.73795760845125	4.56724639923882e-11	4.56724639923882e-11
"marker31"	"Oceanospirillales/Saccharospirillaceae/Oleispira/OTU_38"	"CDW+BSBW core"	3.72895112439615	1.22000345131635e-07	1.22000345131635e-07
"marker32"	"Opitutales/Puniceicoccaceae/Lentimonas/OTU_50"	"CDW+BSBW core"	3.71850945579913	8.01629883466801e-12	8.01629883466801e-12
"marker33"	"SAR11 clade/Clade I/Clade Ia/OTU_1"	"KC core"	4.63159818826833	2.95116713573258e-06	2.95116713573258e-06
"marker34"	"Verrucomicrobiales/Rubritaleaceae/Roseibacillus/OTU_10"	"KC core"	4.2227064891442	7.14807477107823e-11	7.14807477107823e-11
"marker35"	"Micrococcales/Microbacteriaceae/SV1-3/OTU_19"	"KC core"	4.128197878537	1.03733020043661e-12	1.03733020043661e-12
"marker36"	"SAR86 clade/OTU_14/OTU_14/OTU_14"	"KC core"	4.06102986353574	2.60884883823768e-10	2.60884883823768e-10
"marker37"	"Flavobacteriales/Flavobacteriaceae/NS5 marine group/OTU_24"	"KC core"	4.04383633092676	3.2420650164089e-13	3.2420650164089e-13
"marker38"	"Flavobacteriales/Flavobacteriaceae/NS4 marine group/OTU_21"	"KC core"	3.88471358734702	7.44430774139409e-11	7.44430774139409e-11
"marker39"	"Oceanospirillales/Pseudohongiellaceae/Pseudohongiella/OTU_45"	"KC core"	3.69460025975553	1.95239654401756e-12	1.95239654401756e-12
"marker40"	"SAR11 clade/Clade IV/OTU_40/OTU_40"	"KC core"	3.68325860628101	1.15524925865634e-11	1.15524925865634e-11
"marker41"	"Rhodospirillales/AEGEAN-169 marine group/OTU_46/OTU_46"	"KC core"	3.65357103336711	1.03362938920505e-11	1.03362938920505e-11
"marker42"	"Flavobacteriales/NS9 marine group/OTU_26/OTU_26"	"KC core"	3.57380076062215	6.47061542762525e-08	6.47061542762525e-08
"marker43"	"Puniceispirillales/SAR116 clade/OTU_27/OTU_27"	"KC core"	3.56871139294837	0.000743343428236325	0.000743343428236325
"marker44"	"SAR11 clade/Clade III/OTU_52/OTU_52"	"KC core"	3.50109189357841	3.06640108729523e-12	3.06640108729523e-12
"marker45"	"Cellvibrionales/Halieaceae/OM60(NOR5) clade/OTU_2"	"MW core"	4.73700049750329	1.06985334578785e-09	1.06985334578785e-09
"marker46"	"Flavobacteriales/Flavobacteriaceae/Formosa/OTU_7"	"MW core"	4.56793756986028	7.1482313541824e-12	7.1482313541824e-12
"marker47"	"Rhodobacterales/Rhodobacteraceae/Planktomarina/OTU_6"	"MW core"	4.41956510522046	1.49014222872264e-10	1.49014222872264e-10
"marker48"	"Flavobacteriales/Flavobacteriaceae/NS5 marine group/OTU_4"	"MW core"	4.27139071737909	1.71263453198025e-10	1.71263453198025e-10
"marker49"	"Rhodobacterales/Rhodobacteraceae/Sulfitobacter/OTU_15"	"MW core"	4.23134512551571	7.6910028943928e-13	7.6910028943928e-13
"marker50"	"Flavobacteriales/Flavobacteriaceae/Ulvibacter/OTU_11"	"MW core"	4.22292822580805	1.81591239040169e-09	1.81591239040169e-09
"marker51"	"Flavobacteriales/Flavobacteriaceae/Polaribacter/OTU_5"	"MW core"	4.11136243931708	0.000725599511075697	0.000725599511075697
"marker52"	"Flavobacteriales/NS9 marine group/OTU_35/OTU_35"	"MW core"	4.06428631643439	2.23845203707063e-11	2.23845203707063e-11
"marker53"	"OM182 clade/OTU_28/OTU_28/OTU_28"	"MW core"	4.02169202103659	2.26429077679761e-10	2.26429077679761e-10
"marker54"	"Sphingobacteriales/NS11-12 marine group/OTU_32/OTU_32"	"MW core"	3.95694083289981	2.15240208769758e-11	2.15240208769758e-11
"marker55"	"Flavobacteriales/Flavobacteriaceae/NS2b marine group/OTU_25"	"MW core"	3.78945562180167	4.54353444360213e-07	4.54353444360213e-07
"marker56"	"Microtrichales/Ilumatobacteraceae/Ilumatobacter/OTU_36"	"MW core"	3.78927618255144	3.38477191128996e-13	3.38477191128996e-13
"marker57"	"Flavobacteriales/Crocinitomicaceae/Fluviicola/OTU_31"	"MW core"	3.65724796303449	2.49478288586724e-09	2.49478288586724e-09
"marker58"	"Chloroplast/OTU_71/OTU_71/OTU_71"	"MW core"	3.60851810009732	1.90322314480932e-09	1.90322314480932e-09
"marker59"	"Flavobacteriales/Flavobacteriaceae/NS4 marine group/OTU_65"	"MW core"	3.5315749556951	2.16578303397197e-12	2.16578303397197e-12
